[command_grammar] WARNING: /mnt/nvme2/workspace/projects/parent-assistant/ios/ElderlyAssistant/Services/Voice/LlamaCommandInterpreter.swift carries no commandJSONSchema literal (pre-2026-09-07 checkout?) — grading the checked-in schema 9432361c7bc3aa86 unverified against Swift. Set INTENT_SCHEMA_STRICT=1 to make this fatal. (commandJSONSchema literal not found in the Swift source — the app grammar moved or was renamed; update this extractor in the SAME change as seeds/command_schema.json)
llama_model_loader: loaded meta data with 28 key-value pairs and 398 tensors from models/intent-ne-qwen4b-s43-q4_k_m.gguf (version GGUF V3 (latest))
llama_model_loader: Dumping metadata keys/values. Note: KV overrides do not apply in this output.
llama_model_loader: - kv   0:                       general.architecture str              = qwen3
llama_model_loader: - kv   1:                               general.type str              = model
llama_model_loader: - kv   2:                     general.sampling.top_k i32              = 20
llama_model_loader: - kv   3:                     general.sampling.top_p f32              = 0.800000
llama_model_loader: - kv   4:                      general.sampling.temp f32              = 0.700000
llama_model_loader: - kv   5:                               general.name str              = Qwen4B S43 Merged
llama_model_loader: - kv   6:                         general.size_label str              = 4.0B
llama_model_loader: - kv   7:                          qwen3.block_count u32              = 36
llama_model_loader: - kv   8:                       qwen3.context_length u32              = 262144
llama_model_loader: - kv   9:                     qwen3.embedding_length u32              = 2560
llama_model_loader: - kv  10:                  qwen3.feed_forward_length u32              = 9728
llama_model_loader: - kv  11:                 qwen3.attention.head_count u32              = 32
llama_model_loader: - kv  12:              qwen3.attention.head_count_kv u32              = 8
llama_model_loader: - kv  13:                       qwen3.rope.freq_base f32              = 5000000.000000
llama_model_loader: - kv  14:     qwen3.attention.layer_norm_rms_epsilon f32              = 0.000001
llama_model_loader: - kv  15:                 qwen3.attention.key_length u32              = 128
llama_model_loader: - kv  16:               qwen3.attention.value_length u32              = 128
llama_model_loader: - kv  17:                       tokenizer.ggml.model str              = gpt2
llama_model_loader: - kv  18:                         tokenizer.ggml.pre str              = qwen2
llama_model_loader: - kv  19:                      tokenizer.ggml.tokens arr[str,151936]  = ["!", "\"", "#", "$", "%", "&", "'", ...
llama_model_loader: - kv  20:                  tokenizer.ggml.token_type arr[i32,151936]  = [1, 1, 1, 1, 1, 1, 1, 1, 1, 1, 1, 1, ...
llama_model_loader: - kv  21:                      tokenizer.ggml.merges arr[str,151387]  = ["Ġ Ġ", "ĠĠ ĠĠ", "i n", "Ġ t",...
llama_model_loader: - kv  22:                tokenizer.ggml.eos_token_id u32              = 151645
llama_model_loader: - kv  23:            tokenizer.ggml.padding_token_id u32              = 151643
llama_model_loader: - kv  24:                tokenizer.ggml.bos_token_id u32              = 151643
llama_model_loader: - kv  25:                    tokenizer.chat_template str              = {%- if tools %}\n    {{- '<|im_start|>...
llama_model_loader: - kv  26:               general.quantization_version u32              = 2
llama_model_loader: - kv  27:                          general.file_type u32              = 15
llama_model_loader: - type  f32:  145 tensors
llama_model_loader: - type q4_K:  216 tensors
llama_model_loader: - type q6_K:   37 tensors
print_info: file format = GGUF V3 (latest)
print_info: file type   = Q4_K - Medium
print_info: file size   = 2.32 GiB (4.95 BPW) 
init_tokenizer: initializing tokenizer for type 2
load: 0 unused tokens
load: control token: 151660 '<|fim_middle|>' is not marked as EOG
load: control token: 151659 '<|fim_prefix|>' is not marked as EOG
load: control token: 151653 '<|vision_end|>' is not marked as EOG
load: control token: 151648 '<|box_start|>' is not marked as EOG
load: control token: 151646 '<|object_ref_start|>' is not marked as EOG
load: control token: 151649 '<|box_end|>' is not marked as EOG
load: control-looking token: 128247 '</s>' was not control-type; this is probably a bug in the model. its type will be overridden
load: control token: 151655 '<|image_pad|>' is not marked as EOG
load: control token: 151651 '<|quad_end|>' is not marked as EOG
load: control token: 151647 '<|object_ref_end|>' is not marked as EOG
load: control token: 151652 '<|vision_start|>' is not marked as EOG
load: control token: 151654 '<|vision_pad|>' is not marked as EOG
load: control token: 151656 '<|video_pad|>' is not marked as EOG
load: control token: 151644 '<|im_start|>' is not marked as EOG
load: control token: 151661 '<|fim_suffix|>' is not marked as EOG
load: control token: 151650 '<|quad_start|>' is not marked as EOG
load: printing all EOG tokens:
load:   - 128247 ('</s>')
load:   - 151643 ('<|endoftext|>')
load:   - 151645 ('<|im_end|>')
load:   - 151662 ('<|fim_pad|>')
load:   - 151663 ('<|repo_name|>')
load:   - 151664 ('<|file_sep|>')
load: special tokens cache size = 27
load: token to piece cache size = 0.9311 MB
print_info: arch                  = qwen3
print_info: vocab_only            = 0
print_info: no_alloc              = 0
print_info: n_ctx_train           = 262144
print_info: n_embd_inp            = 2560
print_info: n_embd                = 2560
print_info: n_embd_out            = 2560
print_info: n_layer               = 36
print_info: n_layer_all           = 36
print_info: n_head                = 32
print_info: n_head_kv             = 8
print_info: n_rot                 = 128
print_info: n_swa                 = 0
print_info: is_swa_any            = 0
print_info: n_embd_head_k         = 128
print_info: n_embd_head_v         = 128
print_info: n_gqa                 = 4
print_info: n_embd_k_gqa          = 1024
print_info: n_embd_v_gqa          = 1024
print_info: f_norm_eps            = 0.0e+00
print_info: f_norm_rms_eps        = 1.0e-06
print_info: f_clamp_kqv           = 0.0e+00
print_info: f_max_alibi_bias      = 0.0e+00
print_info: f_logit_scale         = 0.0e+00
print_info: f_attn_scale          = 0.0e+00
print_info: f_attn_value_scale    = 0.0000
print_info: n_ff                  = 9728
print_info: n_expert              = 0
print_info: n_expert_used         = 0
print_info: n_expert_groups       = 0
print_info: n_group_used          = 0
print_info: causal attn           = 1
print_info: pooling type          = -1
print_info: rope type             = 2
print_info: rope scaling          = linear
print_info: freq_base_train       = 5000000.0
print_info: freq_scale_train      = 1
print_info: n_ctx_orig_yarn       = 262144
print_info: rope_yarn_log_mul     = 0.0000
print_info: rope_finetuned        = unknown
print_info: model type            = 4B
print_info: model params          = 4.02 B
print_info: general.name          = Qwen4B S43 Merged
print_info: vocab type            = BPE
print_info: n_vocab               = 151936
print_info: n_merges              = 151387
print_info: BOS token             = 151643 '<|endoftext|>'
print_info: EOS token             = 151645 '<|im_end|>'
print_info: EOT token             = 151645 '<|im_end|>'
print_info: PAD token             = 151643 '<|endoftext|>'
print_info: LF token              = 198 'Ċ'
print_info: FIM PRE token         = 151659 '<|fim_prefix|>'
print_info: FIM SUF token         = 151661 '<|fim_suffix|>'
print_info: FIM MID token         = 151660 '<|fim_middle|>'
print_info: FIM PAD token         = 151662 '<|fim_pad|>'
print_info: FIM REP token         = 151663 '<|repo_name|>'
print_info: FIM SEP token         = 151664 '<|file_sep|>'
print_info: EOG token             = 128247 '</s>'
print_info: EOG token             = 151643 '<|endoftext|>'
print_info: EOG token             = 151645 '<|im_end|>'
print_info: EOG token             = 151662 '<|fim_pad|>'
print_info: EOG token             = 151663 '<|repo_name|>'
print_info: EOG token             = 151664 '<|file_sep|>'
print_info: max token length      = 256
load_tensors: loading model tensors, this can take a while... (load_mode = mmap)
load_tensors: layer   0 assigned to device CPU, is_swa = 0
load_tensors: layer   1 assigned to device CPU, is_swa = 0
load_tensors: layer   2 assigned to device CPU, is_swa = 0
load_tensors: layer   3 assigned to device CPU, is_swa = 0
load_tensors: layer   4 assigned to device CPU, is_swa = 0
load_tensors: layer   5 assigned to device CPU, is_swa = 0
load_tensors: layer   6 assigned to device CPU, is_swa = 0
load_tensors: layer   7 assigned to device CPU, is_swa = 0
load_tensors: layer   8 assigned to device CPU, is_swa = 0
load_tensors: layer   9 assigned to device CPU, is_swa = 0
load_tensors: layer  10 assigned to device CPU, is_swa = 0
load_tensors: layer  11 assigned to device CPU, is_swa = 0
load_tensors: layer  12 assigned to device CPU, is_swa = 0
load_tensors: layer  13 assigned to device CPU, is_swa = 0
load_tensors: layer  14 assigned to device CPU, is_swa = 0
load_tensors: layer  15 assigned to device CPU, is_swa = 0
load_tensors: layer  16 assigned to device CPU, is_swa = 0
load_tensors: layer  17 assigned to device CPU, is_swa = 0
load_tensors: layer  18 assigned to device CPU, is_swa = 0
load_tensors: layer  19 assigned to device CPU, is_swa = 0
load_tensors: layer  20 assigned to device CPU, is_swa = 0
load_tensors: layer  21 assigned to device CPU, is_swa = 0
load_tensors: layer  22 assigned to device CPU, is_swa = 0
load_tensors: layer  23 assigned to device CPU, is_swa = 0
load_tensors: layer  24 assigned to device CPU, is_swa = 0
load_tensors: layer  25 assigned to device CPU, is_swa = 0
load_tensors: layer  26 assigned to device CPU, is_swa = 0
load_tensors: layer  27 assigned to device CPU, is_swa = 0
load_tensors: layer  28 assigned to device CPU, is_swa = 0
load_tensors: layer  29 assigned to device CPU, is_swa = 0
load_tensors: layer  30 assigned to device CPU, is_swa = 0
load_tensors: layer  31 assigned to device CPU, is_swa = 0
load_tensors: layer  32 assigned to device CPU, is_swa = 0
load_tensors: layer  33 assigned to device CPU, is_swa = 0
load_tensors: layer  34 assigned to device CPU, is_swa = 0
load_tensors: layer  35 assigned to device CPU, is_swa = 0
load_tensors: layer  36 assigned to device CPU, is_swa = 0
create_tensor: loading tensor token_embd.weight
create_tensor: loading tensor output_norm.weight
create_tensor: loading tensor output.weight
create_tensor: loading tensor token_embd.weight
create_tensor: loading tensor cls.output.weight
create_tensor: loading tensor blk.0.attn_norm.weight
create_tensor: loading tensor blk.0.attn_qkv.weight
create_tensor: loading tensor blk.0.attn_q.weight
create_tensor: loading tensor blk.0.attn_k.weight
create_tensor: loading tensor blk.0.attn_v.weight
create_tensor: loading tensor blk.0.attn_q.bias
create_tensor: loading tensor blk.0.attn_k.bias
create_tensor: loading tensor blk.0.attn_v.bias
create_tensor: loading tensor blk.0.attn_output.weight
create_tensor: loading tensor blk.0.attn_k_norm.weight
create_tensor: loading tensor blk.0.attn_q_norm.weight
create_tensor: loading tensor blk.0.ffn_norm.weight
create_tensor: loading tensor blk.0.ffn_gate.weight
create_tensor: loading tensor blk.0.ffn_down.weight
create_tensor: loading tensor blk.0.ffn_up.weight
create_tensor: loading tensor blk.1.attn_norm.weight
create_tensor: loading tensor blk.1.attn_qkv.weight
create_tensor: loading tensor blk.1.attn_q.weight
create_tensor: loading tensor blk.1.attn_k.weight
create_tensor: loading tensor blk.1.attn_v.weight
create_tensor: loading tensor blk.1.attn_q.bias
create_tensor: loading tensor blk.1.attn_k.bias
create_tensor: loading tensor blk.1.attn_v.bias
create_tensor: loading tensor blk.1.attn_output.weight
create_tensor: loading tensor blk.1.attn_k_norm.weight
create_tensor: loading tensor blk.1.attn_q_norm.weight
create_tensor: loading tensor blk.1.ffn_norm.weight
create_tensor: loading tensor blk.1.ffn_gate.weight
create_tensor: loading tensor blk.1.ffn_down.weight
create_tensor: loading tensor blk.1.ffn_up.weight
create_tensor: loading tensor blk.2.attn_norm.weight
create_tensor: loading tensor blk.2.attn_qkv.weight
create_tensor: loading tensor blk.2.attn_q.weight
create_tensor: loading tensor blk.2.attn_k.weight
create_tensor: loading tensor blk.2.attn_v.weight
create_tensor: loading tensor blk.2.attn_q.bias
create_tensor: loading tensor blk.2.attn_k.bias
create_tensor: loading tensor blk.2.attn_v.bias
create_tensor: loading tensor blk.2.attn_output.weight
create_tensor: loading tensor blk.2.attn_k_norm.weight
create_tensor: loading tensor blk.2.attn_q_norm.weight
create_tensor: loading tensor blk.2.ffn_norm.weight
create_tensor: loading tensor blk.2.ffn_gate.weight
create_tensor: loading tensor blk.2.ffn_down.weight
create_tensor: loading tensor blk.2.ffn_up.weight
create_tensor: loading tensor blk.3.attn_norm.weight
create_tensor: loading tensor blk.3.attn_qkv.weight
create_tensor: loading tensor blk.3.attn_q.weight
create_tensor: loading tensor blk.3.attn_k.weight
create_tensor: loading tensor blk.3.attn_v.weight
create_tensor: loading tensor blk.3.attn_q.bias
create_tensor: loading tensor blk.3.attn_k.bias
create_tensor: loading tensor blk.3.attn_v.bias
create_tensor: loading tensor blk.3.attn_output.weight
create_tensor: loading tensor blk.3.attn_k_norm.weight
create_tensor: loading tensor blk.3.attn_q_norm.weight
create_tensor: loading tensor blk.3.ffn_norm.weight
create_tensor: loading tensor blk.3.ffn_gate.weight
create_tensor: loading tensor blk.3.ffn_down.weight
create_tensor: loading tensor blk.3.ffn_up.weight
create_tensor: loading tensor blk.4.attn_norm.weight
create_tensor: loading tensor blk.4.attn_qkv.weight
create_tensor: loading tensor blk.4.attn_q.weight
create_tensor: loading tensor blk.4.attn_k.weight
create_tensor: loading tensor blk.4.attn_v.weight
create_tensor: loading tensor blk.4.attn_q.bias
create_tensor: loading tensor blk.4.attn_k.bias
create_tensor: loading tensor blk.4.attn_v.bias
create_tensor: loading tensor blk.4.attn_output.weight
create_tensor: loading tensor blk.4.attn_k_norm.weight
create_tensor: loading tensor blk.4.attn_q_norm.weight
create_tensor: loading tensor blk.4.ffn_norm.weight
create_tensor: loading tensor blk.4.ffn_gate.weight
create_tensor: loading tensor blk.4.ffn_down.weight
create_tensor: loading tensor blk.4.ffn_up.weight
create_tensor: loading tensor blk.5.attn_norm.weight
create_tensor: loading tensor blk.5.attn_qkv.weight
create_tensor: loading tensor blk.5.attn_q.weight
create_tensor: loading tensor blk.5.attn_k.weight
create_tensor: loading tensor blk.5.attn_v.weight
create_tensor: loading tensor blk.5.attn_q.bias
create_tensor: loading tensor blk.5.attn_k.bias
create_tensor: loading tensor blk.5.attn_v.bias
create_tensor: loading tensor blk.5.attn_output.weight
create_tensor: loading tensor blk.5.attn_k_norm.weight
create_tensor: loading tensor blk.5.attn_q_norm.weight
create_tensor: loading tensor blk.5.ffn_norm.weight
create_tensor: loading tensor blk.5.ffn_gate.weight
create_tensor: loading tensor blk.5.ffn_down.weight
create_tensor: loading tensor blk.5.ffn_up.weight
create_tensor: loading tensor blk.6.attn_norm.weight
create_tensor: loading tensor blk.6.attn_qkv.weight
create_tensor: loading tensor blk.6.attn_q.weight
create_tensor: loading tensor blk.6.attn_k.weight
create_tensor: loading tensor blk.6.attn_v.weight
create_tensor: loading tensor blk.6.attn_q.bias
create_tensor: loading tensor blk.6.attn_k.bias
create_tensor: loading tensor blk.6.attn_v.bias
create_tensor: loading tensor blk.6.attn_output.weight
create_tensor: loading tensor blk.6.attn_k_norm.weight
create_tensor: loading tensor blk.6.attn_q_norm.weight
create_tensor: loading tensor blk.6.ffn_norm.weight
create_tensor: loading tensor blk.6.ffn_gate.weight
create_tensor: loading tensor blk.6.ffn_down.weight
create_tensor: loading tensor blk.6.ffn_up.weight
create_tensor: loading tensor blk.7.attn_norm.weight
create_tensor: loading tensor blk.7.attn_qkv.weight
create_tensor: loading tensor blk.7.attn_q.weight
create_tensor: loading tensor blk.7.attn_k.weight
create_tensor: loading tensor blk.7.attn_v.weight
create_tensor: loading tensor blk.7.attn_q.bias
create_tensor: loading tensor blk.7.attn_k.bias
create_tensor: loading tensor blk.7.attn_v.bias
create_tensor: loading tensor blk.7.attn_output.weight
create_tensor: loading tensor blk.7.attn_k_norm.weight
create_tensor: loading tensor blk.7.attn_q_norm.weight
create_tensor: loading tensor blk.7.ffn_norm.weight
create_tensor: loading tensor blk.7.ffn_gate.weight
create_tensor: loading tensor blk.7.ffn_down.weight
create_tensor: loading tensor blk.7.ffn_up.weight
create_tensor: loading tensor blk.8.attn_norm.weight
create_tensor: loading tensor blk.8.attn_qkv.weight
create_tensor: loading tensor blk.8.attn_q.weight
create_tensor: loading tensor blk.8.attn_k.weight
create_tensor: loading tensor blk.8.attn_v.weight
create_tensor: loading tensor blk.8.attn_q.bias
create_tensor: loading tensor blk.8.attn_k.bias
create_tensor: loading tensor blk.8.attn_v.bias
create_tensor: loading tensor blk.8.attn_output.weight
create_tensor: loading tensor blk.8.attn_k_norm.weight
create_tensor: loading tensor blk.8.attn_q_norm.weight
create_tensor: loading tensor blk.8.ffn_norm.weight
create_tensor: loading tensor blk.8.ffn_gate.weight
create_tensor: loading tensor blk.8.ffn_down.weight
create_tensor: loading tensor blk.8.ffn_up.weight
create_tensor: loading tensor blk.9.attn_norm.weight
create_tensor: loading tensor blk.9.attn_qkv.weight
create_tensor: loading tensor blk.9.attn_q.weight
create_tensor: loading tensor blk.9.attn_k.weight
create_tensor: loading tensor blk.9.attn_v.weight
create_tensor: loading tensor blk.9.attn_q.bias
create_tensor: loading tensor blk.9.attn_k.bias
create_tensor: loading tensor blk.9.attn_v.bias
create_tensor: loading tensor blk.9.attn_output.weight
create_tensor: loading tensor blk.9.attn_k_norm.weight
create_tensor: loading tensor blk.9.attn_q_norm.weight
create_tensor: loading tensor blk.9.ffn_norm.weight
create_tensor: loading tensor blk.9.ffn_gate.weight
create_tensor: loading tensor blk.9.ffn_down.weight
create_tensor: loading tensor blk.9.ffn_up.weight
create_tensor: loading tensor blk.10.attn_norm.weight
create_tensor: loading tensor blk.10.attn_qkv.weight
create_tensor: loading tensor blk.10.attn_q.weight
create_tensor: loading tensor blk.10.attn_k.weight
create_tensor: loading tensor blk.10.attn_v.weight
create_tensor: loading tensor blk.10.attn_q.bias
create_tensor: loading tensor blk.10.attn_k.bias
create_tensor: loading tensor blk.10.attn_v.bias
create_tensor: loading tensor blk.10.attn_output.weight
create_tensor: loading tensor blk.10.attn_k_norm.weight
create_tensor: loading tensor blk.10.attn_q_norm.weight
create_tensor: loading tensor blk.10.ffn_norm.weight
create_tensor: loading tensor blk.10.ffn_gate.weight
create_tensor: loading tensor blk.10.ffn_down.weight
create_tensor: loading tensor blk.10.ffn_up.weight
create_tensor: loading tensor blk.11.attn_norm.weight
create_tensor: loading tensor blk.11.attn_qkv.weight
create_tensor: loading tensor blk.11.attn_q.weight
create_tensor: loading tensor blk.11.attn_k.weight
create_tensor: loading tensor blk.11.attn_v.weight
create_tensor: loading tensor blk.11.attn_q.bias
create_tensor: loading tensor blk.11.attn_k.bias
create_tensor: loading tensor blk.11.attn_v.bias
create_tensor: loading tensor blk.11.attn_output.weight
create_tensor: loading tensor blk.11.attn_k_norm.weight
create_tensor: loading tensor blk.11.attn_q_norm.weight
create_tensor: loading tensor blk.11.ffn_norm.weight
create_tensor: loading tensor blk.11.ffn_gate.weight
create_tensor: loading tensor blk.11.ffn_down.weight
create_tensor: loading tensor blk.11.ffn_up.weight
create_tensor: loading tensor blk.12.attn_norm.weight
create_tensor: loading tensor blk.12.attn_qkv.weight
create_tensor: loading tensor blk.12.attn_q.weight
create_tensor: loading tensor blk.12.attn_k.weight
create_tensor: loading tensor blk.12.attn_v.weight
create_tensor: loading tensor blk.12.attn_q.bias
create_tensor: loading tensor blk.12.attn_k.bias
create_tensor: loading tensor blk.12.attn_v.bias
create_tensor: loading tensor blk.12.attn_output.weight
create_tensor: loading tensor blk.12.attn_k_norm.weight
create_tensor: loading tensor blk.12.attn_q_norm.weight
create_tensor: loading tensor blk.12.ffn_norm.weight
create_tensor: loading tensor blk.12.ffn_gate.weight
create_tensor: loading tensor blk.12.ffn_down.weight
create_tensor: loading tensor blk.12.ffn_up.weight
create_tensor: loading tensor blk.13.attn_norm.weight
create_tensor: loading tensor blk.13.attn_qkv.weight
create_tensor: loading tensor blk.13.attn_q.weight
create_tensor: loading tensor blk.13.attn_k.weight
create_tensor: loading tensor blk.13.attn_v.weight
create_tensor: loading tensor blk.13.attn_q.bias
create_tensor: loading tensor blk.13.attn_k.bias
create_tensor: loading tensor blk.13.attn_v.bias
create_tensor: loading tensor blk.13.attn_output.weight
create_tensor: loading tensor blk.13.attn_k_norm.weight
create_tensor: loading tensor blk.13.attn_q_norm.weight
create_tensor: loading tensor blk.13.ffn_norm.weight
create_tensor: loading tensor blk.13.ffn_gate.weight
create_tensor: loading tensor blk.13.ffn_down.weight
create_tensor: loading tensor blk.13.ffn_up.weight
create_tensor: loading tensor blk.14.attn_norm.weight
create_tensor: loading tensor blk.14.attn_qkv.weight
create_tensor: loading tensor blk.14.attn_q.weight
create_tensor: loading tensor blk.14.attn_k.weight
create_tensor: loading tensor blk.14.attn_v.weight
create_tensor: loading tensor blk.14.attn_q.bias
create_tensor: loading tensor blk.14.attn_k.bias
create_tensor: loading tensor blk.14.attn_v.bias
create_tensor: loading tensor blk.14.attn_output.weight
create_tensor: loading tensor blk.14.attn_k_norm.weight
create_tensor: loading tensor blk.14.attn_q_norm.weight
create_tensor: loading tensor blk.14.ffn_norm.weight
create_tensor: loading tensor blk.14.ffn_gate.weight
create_tensor: loading tensor blk.14.ffn_down.weight
create_tensor: loading tensor blk.14.ffn_up.weight
create_tensor: loading tensor blk.15.attn_norm.weight
create_tensor: loading tensor blk.15.attn_qkv.weight
create_tensor: loading tensor blk.15.attn_q.weight
create_tensor: loading tensor blk.15.attn_k.weight
create_tensor: loading tensor blk.15.attn_v.weight
create_tensor: loading tensor blk.15.attn_q.bias
create_tensor: loading tensor blk.15.attn_k.bias
create_tensor: loading tensor blk.15.attn_v.bias
create_tensor: loading tensor blk.15.attn_output.weight
create_tensor: loading tensor blk.15.attn_k_norm.weight
create_tensor: loading tensor blk.15.attn_q_norm.weight
create_tensor: loading tensor blk.15.ffn_norm.weight
create_tensor: loading tensor blk.15.ffn_gate.weight
create_tensor: loading tensor blk.15.ffn_down.weight
create_tensor: loading tensor blk.15.ffn_up.weight
create_tensor: loading tensor blk.16.attn_norm.weight
create_tensor: loading tensor blk.16.attn_qkv.weight
create_tensor: loading tensor blk.16.attn_q.weight
create_tensor: loading tensor blk.16.attn_k.weight
create_tensor: loading tensor blk.16.attn_v.weight
create_tensor: loading tensor blk.16.attn_q.bias
create_tensor: loading tensor blk.16.attn_k.bias
create_tensor: loading tensor blk.16.attn_v.bias
create_tensor: loading tensor blk.16.attn_output.weight
create_tensor: loading tensor blk.16.attn_k_norm.weight
create_tensor: loading tensor blk.16.attn_q_norm.weight
create_tensor: loading tensor blk.16.ffn_norm.weight
create_tensor: loading tensor blk.16.ffn_gate.weight
create_tensor: loading tensor blk.16.ffn_down.weight
create_tensor: loading tensor blk.16.ffn_up.weight
create_tensor: loading tensor blk.17.attn_norm.weight
create_tensor: loading tensor blk.17.attn_qkv.weight
create_tensor: loading tensor blk.17.attn_q.weight
create_tensor: loading tensor blk.17.attn_k.weight
create_tensor: loading tensor blk.17.attn_v.weight
create_tensor: loading tensor blk.17.attn_q.bias
create_tensor: loading tensor blk.17.attn_k.bias
create_tensor: loading tensor blk.17.attn_v.bias
create_tensor: loading tensor blk.17.attn_output.weight
create_tensor: loading tensor blk.17.attn_k_norm.weight
create_tensor: loading tensor blk.17.attn_q_norm.weight
create_tensor: loading tensor blk.17.ffn_norm.weight
create_tensor: loading tensor blk.17.ffn_gate.weight
create_tensor: loading tensor blk.17.ffn_down.weight
create_tensor: loading tensor blk.17.ffn_up.weight
create_tensor: loading tensor blk.18.attn_norm.weight
create_tensor: loading tensor blk.18.attn_qkv.weight
create_tensor: loading tensor blk.18.attn_q.weight
create_tensor: loading tensor blk.18.attn_k.weight
create_tensor: loading tensor blk.18.attn_v.weight
create_tensor: loading tensor blk.18.attn_q.bias
create_tensor: loading tensor blk.18.attn_k.bias
create_tensor: loading tensor blk.18.attn_v.bias
create_tensor: loading tensor blk.18.attn_output.weight
create_tensor: loading tensor blk.18.attn_k_norm.weight
create_tensor: loading tensor blk.18.attn_q_norm.weight
create_tensor: loading tensor blk.18.ffn_norm.weight
create_tensor: loading tensor blk.18.ffn_gate.weight
create_tensor: loading tensor blk.18.ffn_down.weight
create_tensor: loading tensor blk.18.ffn_up.weight
create_tensor: loading tensor blk.19.attn_norm.weight
create_tensor: loading tensor blk.19.attn_qkv.weight
create_tensor: loading tensor blk.19.attn_q.weight
create_tensor: loading tensor blk.19.attn_k.weight
create_tensor: loading tensor blk.19.attn_v.weight
create_tensor: loading tensor blk.19.attn_q.bias
create_tensor: loading tensor blk.19.attn_k.bias
create_tensor: loading tensor blk.19.attn_v.bias
create_tensor: loading tensor blk.19.attn_output.weight
create_tensor: loading tensor blk.19.attn_k_norm.weight
create_tensor: loading tensor blk.19.attn_q_norm.weight
create_tensor: loading tensor blk.19.ffn_norm.weight
create_tensor: loading tensor blk.19.ffn_gate.weight
create_tensor: loading tensor blk.19.ffn_down.weight
create_tensor: loading tensor blk.19.ffn_up.weight
create_tensor: loading tensor blk.20.attn_norm.weight
create_tensor: loading tensor blk.20.attn_qkv.weight
create_tensor: loading tensor blk.20.attn_q.weight
create_tensor: loading tensor blk.20.attn_k.weight
create_tensor: loading tensor blk.20.attn_v.weight
create_tensor: loading tensor blk.20.attn_q.bias
create_tensor: loading tensor blk.20.attn_k.bias
create_tensor: loading tensor blk.20.attn_v.bias
create_tensor: loading tensor blk.20.attn_output.weight
create_tensor: loading tensor blk.20.attn_k_norm.weight
create_tensor: loading tensor blk.20.attn_q_norm.weight
create_tensor: loading tensor blk.20.ffn_norm.weight
create_tensor: loading tensor blk.20.ffn_gate.weight
create_tensor: loading tensor blk.20.ffn_down.weight
create_tensor: loading tensor blk.20.ffn_up.weight
create_tensor: loading tensor blk.21.attn_norm.weight
create_tensor: loading tensor blk.21.attn_qkv.weight
create_tensor: loading tensor blk.21.attn_q.weight
create_tensor: loading tensor blk.21.attn_k.weight
create_tensor: loading tensor blk.21.attn_v.weight
create_tensor: loading tensor blk.21.attn_q.bias
create_tensor: loading tensor blk.21.attn_k.bias
create_tensor: loading tensor blk.21.attn_v.bias
create_tensor: loading tensor blk.21.attn_output.weight
create_tensor: loading tensor blk.21.attn_k_norm.weight
create_tensor: loading tensor blk.21.attn_q_norm.weight
create_tensor: loading tensor blk.21.ffn_norm.weight
create_tensor: loading tensor blk.21.ffn_gate.weight
create_tensor: loading tensor blk.21.ffn_down.weight
create_tensor: loading tensor blk.21.ffn_up.weight
create_tensor: loading tensor blk.22.attn_norm.weight
create_tensor: loading tensor blk.22.attn_qkv.weight
create_tensor: loading tensor blk.22.attn_q.weight
create_tensor: loading tensor blk.22.attn_k.weight
create_tensor: loading tensor blk.22.attn_v.weight
create_tensor: loading tensor blk.22.attn_q.bias
create_tensor: loading tensor blk.22.attn_k.bias
create_tensor: loading tensor blk.22.attn_v.bias
create_tensor: loading tensor blk.22.attn_output.weight
create_tensor: loading tensor blk.22.attn_k_norm.weight
create_tensor: loading tensor blk.22.attn_q_norm.weight
create_tensor: loading tensor blk.22.ffn_norm.weight
create_tensor: loading tensor blk.22.ffn_gate.weight
create_tensor: loading tensor blk.22.ffn_down.weight
create_tensor: loading tensor blk.22.ffn_up.weight
create_tensor: loading tensor blk.23.attn_norm.weight
create_tensor: loading tensor blk.23.attn_qkv.weight
create_tensor: loading tensor blk.23.attn_q.weight
create_tensor: loading tensor blk.23.attn_k.weight
create_tensor: loading tensor blk.23.attn_v.weight
create_tensor: loading tensor blk.23.attn_q.bias
create_tensor: loading tensor blk.23.attn_k.bias
create_tensor: loading tensor blk.23.attn_v.bias
create_tensor: loading tensor blk.23.attn_output.weight
create_tensor: loading tensor blk.23.attn_k_norm.weight
create_tensor: loading tensor blk.23.attn_q_norm.weight
create_tensor: loading tensor blk.23.ffn_norm.weight
create_tensor: loading tensor blk.23.ffn_gate.weight
create_tensor: loading tensor blk.23.ffn_down.weight
create_tensor: loading tensor blk.23.ffn_up.weight
create_tensor: loading tensor blk.24.attn_norm.weight
create_tensor: loading tensor blk.24.attn_qkv.weight
create_tensor: loading tensor blk.24.attn_q.weight
create_tensor: loading tensor blk.24.attn_k.weight
create_tensor: loading tensor blk.24.attn_v.weight
create_tensor: loading tensor blk.24.attn_q.bias
create_tensor: loading tensor blk.24.attn_k.bias
create_tensor: loading tensor blk.24.attn_v.bias
create_tensor: loading tensor blk.24.attn_output.weight
create_tensor: loading tensor blk.24.attn_k_norm.weight
create_tensor: loading tensor blk.24.attn_q_norm.weight
create_tensor: loading tensor blk.24.ffn_norm.weight
create_tensor: loading tensor blk.24.ffn_gate.weight
create_tensor: loading tensor blk.24.ffn_down.weight
create_tensor: loading tensor blk.24.ffn_up.weight
create_tensor: loading tensor blk.25.attn_norm.weight
create_tensor: loading tensor blk.25.attn_qkv.weight
create_tensor: loading tensor blk.25.attn_q.weight
create_tensor: loading tensor blk.25.attn_k.weight
create_tensor: loading tensor blk.25.attn_v.weight
create_tensor: loading tensor blk.25.attn_q.bias
create_tensor: loading tensor blk.25.attn_k.bias
create_tensor: loading tensor blk.25.attn_v.bias
create_tensor: loading tensor blk.25.attn_output.weight
create_tensor: loading tensor blk.25.attn_k_norm.weight
create_tensor: loading tensor blk.25.attn_q_norm.weight
create_tensor: loading tensor blk.25.ffn_norm.weight
create_tensor: loading tensor blk.25.ffn_gate.weight
create_tensor: loading tensor blk.25.ffn_down.weight
create_tensor: loading tensor blk.25.ffn_up.weight
create_tensor: loading tensor blk.26.attn_norm.weight
create_tensor: loading tensor blk.26.attn_qkv.weight
create_tensor: loading tensor blk.26.attn_q.weight
create_tensor: loading tensor blk.26.attn_k.weight
create_tensor: loading tensor blk.26.attn_v.weight
create_tensor: loading tensor blk.26.attn_q.bias
create_tensor: loading tensor blk.26.attn_k.bias
create_tensor: loading tensor blk.26.attn_v.bias
create_tensor: loading tensor blk.26.attn_output.weight
create_tensor: loading tensor blk.26.attn_k_norm.weight
create_tensor: loading tensor blk.26.attn_q_norm.weight
create_tensor: loading tensor blk.26.ffn_norm.weight
create_tensor: loading tensor blk.26.ffn_gate.weight
create_tensor: loading tensor blk.26.ffn_down.weight
create_tensor: loading tensor blk.26.ffn_up.weight
create_tensor: loading tensor blk.27.attn_norm.weight
create_tensor: loading tensor blk.27.attn_qkv.weight
create_tensor: loading tensor blk.27.attn_q.weight
create_tensor: loading tensor blk.27.attn_k.weight
create_tensor: loading tensor blk.27.attn_v.weight
create_tensor: loading tensor blk.27.attn_q.bias
create_tensor: loading tensor blk.27.attn_k.bias
create_tensor: loading tensor blk.27.attn_v.bias
create_tensor: loading tensor blk.27.attn_output.weight
create_tensor: loading tensor blk.27.attn_k_norm.weight
create_tensor: loading tensor blk.27.attn_q_norm.weight
create_tensor: loading tensor blk.27.ffn_norm.weight
create_tensor: loading tensor blk.27.ffn_gate.weight
create_tensor: loading tensor blk.27.ffn_down.weight
create_tensor: loading tensor blk.27.ffn_up.weight
create_tensor: loading tensor blk.28.attn_norm.weight
create_tensor: loading tensor blk.28.attn_qkv.weight
create_tensor: loading tensor blk.28.attn_q.weight
create_tensor: loading tensor blk.28.attn_k.weight
create_tensor: loading tensor blk.28.attn_v.weight
create_tensor: loading tensor blk.28.attn_q.bias
create_tensor: loading tensor blk.28.attn_k.bias
create_tensor: loading tensor blk.28.attn_v.bias
create_tensor: loading tensor blk.28.attn_output.weight
create_tensor: loading tensor blk.28.attn_k_norm.weight
create_tensor: loading tensor blk.28.attn_q_norm.weight
create_tensor: loading tensor blk.28.ffn_norm.weight
create_tensor: loading tensor blk.28.ffn_gate.weight
create_tensor: loading tensor blk.28.ffn_down.weight
create_tensor: loading tensor blk.28.ffn_up.weight
create_tensor: loading tensor blk.29.attn_norm.weight
create_tensor: loading tensor blk.29.attn_qkv.weight
create_tensor: loading tensor blk.29.attn_q.weight
create_tensor: loading tensor blk.29.attn_k.weight
create_tensor: loading tensor blk.29.attn_v.weight
create_tensor: loading tensor blk.29.attn_q.bias
create_tensor: loading tensor blk.29.attn_k.bias
create_tensor: loading tensor blk.29.attn_v.bias
create_tensor: loading tensor blk.29.attn_output.weight
create_tensor: loading tensor blk.29.attn_k_norm.weight
create_tensor: loading tensor blk.29.attn_q_norm.weight
create_tensor: loading tensor blk.29.ffn_norm.weight
create_tensor: loading tensor blk.29.ffn_gate.weight
create_tensor: loading tensor blk.29.ffn_down.weight
create_tensor: loading tensor blk.29.ffn_up.weight
create_tensor: loading tensor blk.30.attn_norm.weight
create_tensor: loading tensor blk.30.attn_qkv.weight
create_tensor: loading tensor blk.30.attn_q.weight
create_tensor: loading tensor blk.30.attn_k.weight
create_tensor: loading tensor blk.30.attn_v.weight
create_tensor: loading tensor blk.30.attn_q.bias
create_tensor: loading tensor blk.30.attn_k.bias
create_tensor: loading tensor blk.30.attn_v.bias
create_tensor: loading tensor blk.30.attn_output.weight
create_tensor: loading tensor blk.30.attn_k_norm.weight
create_tensor: loading tensor blk.30.attn_q_norm.weight
create_tensor: loading tensor blk.30.ffn_norm.weight
create_tensor: loading tensor blk.30.ffn_gate.weight
create_tensor: loading tensor blk.30.ffn_down.weight
create_tensor: loading tensor blk.30.ffn_up.weight
create_tensor: loading tensor blk.31.attn_norm.weight
create_tensor: loading tensor blk.31.attn_qkv.weight
create_tensor: loading tensor blk.31.attn_q.weight
create_tensor: loading tensor blk.31.attn_k.weight
create_tensor: loading tensor blk.31.attn_v.weight
create_tensor: loading tensor blk.31.attn_q.bias
create_tensor: loading tensor blk.31.attn_k.bias
create_tensor: loading tensor blk.31.attn_v.bias
create_tensor: loading tensor blk.31.attn_output.weight
create_tensor: loading tensor blk.31.attn_k_norm.weight
create_tensor: loading tensor blk.31.attn_q_norm.weight
create_tensor: loading tensor blk.31.ffn_norm.weight
create_tensor: loading tensor blk.31.ffn_gate.weight
create_tensor: loading tensor blk.31.ffn_down.weight
create_tensor: loading tensor blk.31.ffn_up.weight
create_tensor: loading tensor blk.32.attn_norm.weight
create_tensor: loading tensor blk.32.attn_qkv.weight
create_tensor: loading tensor blk.32.attn_q.weight
create_tensor: loading tensor blk.32.attn_k.weight
create_tensor: loading tensor blk.32.attn_v.weight
create_tensor: loading tensor blk.32.attn_q.bias
create_tensor: loading tensor blk.32.attn_k.bias
create_tensor: loading tensor blk.32.attn_v.bias
create_tensor: loading tensor blk.32.attn_output.weight
create_tensor: loading tensor blk.32.attn_k_norm.weight
create_tensor: loading tensor blk.32.attn_q_norm.weight
create_tensor: loading tensor blk.32.ffn_norm.weight
create_tensor: loading tensor blk.32.ffn_gate.weight
create_tensor: loading tensor blk.32.ffn_down.weight
create_tensor: loading tensor blk.32.ffn_up.weight
create_tensor: loading tensor blk.33.attn_norm.weight
create_tensor: loading tensor blk.33.attn_qkv.weight
create_tensor: loading tensor blk.33.attn_q.weight
create_tensor: loading tensor blk.33.attn_k.weight
create_tensor: loading tensor blk.33.attn_v.weight
create_tensor: loading tensor blk.33.attn_q.bias
create_tensor: loading tensor blk.33.attn_k.bias
create_tensor: loading tensor blk.33.attn_v.bias
create_tensor: loading tensor blk.33.attn_output.weight
create_tensor: loading tensor blk.33.attn_k_norm.weight
create_tensor: loading tensor blk.33.attn_q_norm.weight
create_tensor: loading tensor blk.33.ffn_norm.weight
create_tensor: loading tensor blk.33.ffn_gate.weight
create_tensor: loading tensor blk.33.ffn_down.weight
create_tensor: loading tensor blk.33.ffn_up.weight
create_tensor: loading tensor blk.34.attn_norm.weight
create_tensor: loading tensor blk.34.attn_qkv.weight
create_tensor: loading tensor blk.34.attn_q.weight
create_tensor: loading tensor blk.34.attn_k.weight
create_tensor: loading tensor blk.34.attn_v.weight
create_tensor: loading tensor blk.34.attn_q.bias
create_tensor: loading tensor blk.34.attn_k.bias
create_tensor: loading tensor blk.34.attn_v.bias
create_tensor: loading tensor blk.34.attn_output.weight
create_tensor: loading tensor blk.34.attn_k_norm.weight
create_tensor: loading tensor blk.34.attn_q_norm.weight
create_tensor: loading tensor blk.34.ffn_norm.weight
create_tensor: loading tensor blk.34.ffn_gate.weight
create_tensor: loading tensor blk.34.ffn_down.weight
create_tensor: loading tensor blk.34.ffn_up.weight
create_tensor: loading tensor blk.35.attn_norm.weight
create_tensor: loading tensor blk.35.attn_qkv.weight
create_tensor: loading tensor blk.35.attn_q.weight
create_tensor: loading tensor blk.35.attn_k.weight
create_tensor: loading tensor blk.35.attn_v.weight
create_tensor: loading tensor blk.35.attn_q.bias
create_tensor: loading tensor blk.35.attn_k.bias
create_tensor: loading tensor blk.35.attn_v.bias
create_tensor: loading tensor blk.35.attn_output.weight
create_tensor: loading tensor blk.35.attn_k_norm.weight
create_tensor: loading tensor blk.35.attn_q_norm.weight
create_tensor: loading tensor blk.35.ffn_norm.weight
create_tensor: loading tensor blk.35.ffn_gate.weight
create_tensor: loading tensor blk.35.ffn_down.weight
create_tensor: loading tensor blk.35.ffn_up.weight
create_tensor: loading tensor blk.0.attn_q.scale
create_tensor: loading tensor blk.0.attn_k.scale
create_tensor: loading tensor blk.0.attn_v.scale
create_tensor: loading tensor blk.0.attn_output.scale
create_tensor: loading tensor blk.0.ffn_gate.scale
create_tensor: loading tensor blk.0.ffn_down.scale
create_tensor: loading tensor blk.0.ffn_up.scale
create_tensor: loading tensor blk.0.attn_q.input_scale
create_tensor: loading tensor blk.0.attn_k.input_scale
create_tensor: loading tensor blk.0.attn_v.input_scale
create_tensor: loading tensor blk.0.attn_output.input_scale
create_tensor: loading tensor blk.0.ffn_gate.input_scale
create_tensor: loading tensor blk.0.ffn_down.input_scale
create_tensor: loading tensor blk.0.ffn_up.input_scale
create_tensor: loading tensor blk.1.attn_q.scale
create_tensor: loading tensor blk.1.attn_k.scale
create_tensor: loading tensor blk.1.attn_v.scale
create_tensor: loading tensor blk.1.attn_output.scale
create_tensor: loading tensor blk.1.ffn_gate.scale
create_tensor: loading tensor blk.1.ffn_down.scale
create_tensor: loading tensor blk.1.ffn_up.scale
create_tensor: loading tensor blk.1.attn_q.input_scale
create_tensor: loading tensor blk.1.attn_k.input_scale
create_tensor: loading tensor blk.1.attn_v.input_scale
create_tensor: loading tensor blk.1.attn_output.input_scale
create_tensor: loading tensor blk.1.ffn_gate.input_scale
create_tensor: loading tensor blk.1.ffn_down.input_scale
create_tensor: loading tensor blk.1.ffn_up.input_scale
create_tensor: loading tensor blk.2.attn_q.scale
create_tensor: loading tensor blk.2.attn_k.scale
create_tensor: loading tensor blk.2.attn_v.scale
create_tensor: loading tensor blk.2.attn_output.scale
create_tensor: loading tensor blk.2.ffn_gate.scale
create_tensor: loading tensor blk.2.ffn_down.scale
create_tensor: loading tensor blk.2.ffn_up.scale
create_tensor: loading tensor blk.2.attn_q.input_scale
create_tensor: loading tensor blk.2.attn_k.input_scale
create_tensor: loading tensor blk.2.attn_v.input_scale
create_tensor: loading tensor blk.2.attn_output.input_scale
create_tensor: loading tensor blk.2.ffn_gate.input_scale
create_tensor: loading tensor blk.2.ffn_down.input_scale
create_tensor: loading tensor blk.2.ffn_up.input_scale
create_tensor: loading tensor blk.3.attn_q.scale
create_tensor: loading tensor blk.3.attn_k.scale
create_tensor: loading tensor blk.3.attn_v.scale
create_tensor: loading tensor blk.3.attn_output.scale
create_tensor: loading tensor blk.3.ffn_gate.scale
create_tensor: loading tensor blk.3.ffn_down.scale
create_tensor: loading tensor blk.3.ffn_up.scale
create_tensor: loading tensor blk.3.attn_q.input_scale
create_tensor: loading tensor blk.3.attn_k.input_scale
create_tensor: loading tensor blk.3.attn_v.input_scale
create_tensor: loading tensor blk.3.attn_output.input_scale
create_tensor: loading tensor blk.3.ffn_gate.input_scale
create_tensor: loading tensor blk.3.ffn_down.input_scale
create_tensor: loading tensor blk.3.ffn_up.input_scale
create_tensor: loading tensor blk.4.attn_q.scale
create_tensor: loading tensor blk.4.attn_k.scale
create_tensor: loading tensor blk.4.attn_v.scale
create_tensor: loading tensor blk.4.attn_output.scale
create_tensor: loading tensor blk.4.ffn_gate.scale
create_tensor: loading tensor blk.4.ffn_down.scale
create_tensor: loading tensor blk.4.ffn_up.scale
create_tensor: loading tensor blk.4.attn_q.input_scale
create_tensor: loading tensor blk.4.attn_k.input_scale
create_tensor: loading tensor blk.4.attn_v.input_scale
create_tensor: loading tensor blk.4.attn_output.input_scale
create_tensor: loading tensor blk.4.ffn_gate.input_scale
create_tensor: loading tensor blk.4.ffn_down.input_scale
create_tensor: loading tensor blk.4.ffn_up.input_scale
create_tensor: loading tensor blk.5.attn_q.scale
create_tensor: loading tensor blk.5.attn_k.scale
create_tensor: loading tensor blk.5.attn_v.scale
create_tensor: loading tensor blk.5.attn_output.scale
create_tensor: loading tensor blk.5.ffn_gate.scale
create_tensor: loading tensor blk.5.ffn_down.scale
create_tensor: loading tensor blk.5.ffn_up.scale
create_tensor: loading tensor blk.5.attn_q.input_scale
create_tensor: loading tensor blk.5.attn_k.input_scale
create_tensor: loading tensor blk.5.attn_v.input_scale
create_tensor: loading tensor blk.5.attn_output.input_scale
create_tensor: loading tensor blk.5.ffn_gate.input_scale
create_tensor: loading tensor blk.5.ffn_down.input_scale
create_tensor: loading tensor blk.5.ffn_up.input_scale
create_tensor: loading tensor blk.6.attn_q.scale
create_tensor: loading tensor blk.6.attn_k.scale
create_tensor: loading tensor blk.6.attn_v.scale
create_tensor: loading tensor blk.6.attn_output.scale
create_tensor: loading tensor blk.6.ffn_gate.scale
create_tensor: loading tensor blk.6.ffn_down.scale
create_tensor: loading tensor blk.6.ffn_up.scale
create_tensor: loading tensor blk.6.attn_q.input_scale
create_tensor: loading tensor blk.6.attn_k.input_scale
create_tensor: loading tensor blk.6.attn_v.input_scale
create_tensor: loading tensor blk.6.attn_output.input_scale
create_tensor: loading tensor blk.6.ffn_gate.input_scale
create_tensor: loading tensor blk.6.ffn_down.input_scale
create_tensor: loading tensor blk.6.ffn_up.input_scale
create_tensor: loading tensor blk.7.attn_q.scale
create_tensor: loading tensor blk.7.attn_k.scale
create_tensor: loading tensor blk.7.attn_v.scale
create_tensor: loading tensor blk.7.attn_output.scale
create_tensor: loading tensor blk.7.ffn_gate.scale
create_tensor: loading tensor blk.7.ffn_down.scale
create_tensor: loading tensor blk.7.ffn_up.scale
create_tensor: loading tensor blk.7.attn_q.input_scale
create_tensor: loading tensor blk.7.attn_k.input_scale
create_tensor: loading tensor blk.7.attn_v.input_scale
create_tensor: loading tensor blk.7.attn_output.input_scale
create_tensor: loading tensor blk.7.ffn_gate.input_scale
create_tensor: loading tensor blk.7.ffn_down.input_scale
create_tensor: loading tensor blk.7.ffn_up.input_scale
create_tensor: loading tensor blk.8.attn_q.scale
create_tensor: loading tensor blk.8.attn_k.scale
create_tensor: loading tensor blk.8.attn_v.scale
create_tensor: loading tensor blk.8.attn_output.scale
create_tensor: loading tensor blk.8.ffn_gate.scale
create_tensor: loading tensor blk.8.ffn_down.scale
create_tensor: loading tensor blk.8.ffn_up.scale
create_tensor: loading tensor blk.8.attn_q.input_scale
create_tensor: loading tensor blk.8.attn_k.input_scale
create_tensor: loading tensor blk.8.attn_v.input_scale
create_tensor: loading tensor blk.8.attn_output.input_scale
create_tensor: loading tensor blk.8.ffn_gate.input_scale
create_tensor: loading tensor blk.8.ffn_down.input_scale
create_tensor: loading tensor blk.8.ffn_up.input_scale
create_tensor: loading tensor blk.9.attn_q.scale
create_tensor: loading tensor blk.9.attn_k.scale
create_tensor: loading tensor blk.9.attn_v.scale
create_tensor: loading tensor blk.9.attn_output.scale
create_tensor: loading tensor blk.9.ffn_gate.scale
create_tensor: loading tensor blk.9.ffn_down.scale
create_tensor: loading tensor blk.9.ffn_up.scale
create_tensor: loading tensor blk.9.attn_q.input_scale
create_tensor: loading tensor blk.9.attn_k.input_scale
create_tensor: loading tensor blk.9.attn_v.input_scale
create_tensor: loading tensor blk.9.attn_output.input_scale
create_tensor: loading tensor blk.9.ffn_gate.input_scale
create_tensor: loading tensor blk.9.ffn_down.input_scale
create_tensor: loading tensor blk.9.ffn_up.input_scale
create_tensor: loading tensor blk.10.attn_q.scale
create_tensor: loading tensor blk.10.attn_k.scale
create_tensor: loading tensor blk.10.attn_v.scale
create_tensor: loading tensor blk.10.attn_output.scale
create_tensor: loading tensor blk.10.ffn_gate.scale
create_tensor: loading tensor blk.10.ffn_down.scale
create_tensor: loading tensor blk.10.ffn_up.scale
create_tensor: loading tensor blk.10.attn_q.input_scale
create_tensor: loading tensor blk.10.attn_k.input_scale
create_tensor: loading tensor blk.10.attn_v.input_scale
create_tensor: loading tensor blk.10.attn_output.input_scale
create_tensor: loading tensor blk.10.ffn_gate.input_scale
create_tensor: loading tensor blk.10.ffn_down.input_scale
create_tensor: loading tensor blk.10.ffn_up.input_scale
create_tensor: loading tensor blk.11.attn_q.scale
create_tensor: loading tensor blk.11.attn_k.scale
create_tensor: loading tensor blk.11.attn_v.scale
create_tensor: loading tensor blk.11.attn_output.scale
create_tensor: loading tensor blk.11.ffn_gate.scale
create_tensor: loading tensor blk.11.ffn_down.scale
create_tensor: loading tensor blk.11.ffn_up.scale
create_tensor: loading tensor blk.11.attn_q.input_scale
create_tensor: loading tensor blk.11.attn_k.input_scale
create_tensor: loading tensor blk.11.attn_v.input_scale
create_tensor: loading tensor blk.11.attn_output.input_scale
create_tensor: loading tensor blk.11.ffn_gate.input_scale
create_tensor: loading tensor blk.11.ffn_down.input_scale
create_tensor: loading tensor blk.11.ffn_up.input_scale
create_tensor: loading tensor blk.12.attn_q.scale
create_tensor: loading tensor blk.12.attn_k.scale
create_tensor: loading tensor blk.12.attn_v.scale
create_tensor: loading tensor blk.12.attn_output.scale
create_tensor: loading tensor blk.12.ffn_gate.scale
create_tensor: loading tensor blk.12.ffn_down.scale
create_tensor: loading tensor blk.12.ffn_up.scale
create_tensor: loading tensor blk.12.attn_q.input_scale
create_tensor: loading tensor blk.12.attn_k.input_scale
create_tensor: loading tensor blk.12.attn_v.input_scale
create_tensor: loading tensor blk.12.attn_output.input_scale
create_tensor: loading tensor blk.12.ffn_gate.input_scale
create_tensor: loading tensor blk.12.ffn_down.input_scale
create_tensor: loading tensor blk.12.ffn_up.input_scale
create_tensor: loading tensor blk.13.attn_q.scale
create_tensor: loading tensor blk.13.attn_k.scale
create_tensor: loading tensor blk.13.attn_v.scale
create_tensor: loading tensor blk.13.attn_output.scale
create_tensor: loading tensor blk.13.ffn_gate.scale
create_tensor: loading tensor blk.13.ffn_down.scale
create_tensor: loading tensor blk.13.ffn_up.scale
create_tensor: loading tensor blk.13.attn_q.input_scale
create_tensor: loading tensor blk.13.attn_k.input_scale
create_tensor: loading tensor blk.13.attn_v.input_scale
create_tensor: loading tensor blk.13.attn_output.input_scale
create_tensor: loading tensor blk.13.ffn_gate.input_scale
create_tensor: loading tensor blk.13.ffn_down.input_scale
create_tensor: loading tensor blk.13.ffn_up.input_scale
create_tensor: loading tensor blk.14.attn_q.scale
create_tensor: loading tensor blk.14.attn_k.scale
create_tensor: loading tensor blk.14.attn_v.scale
create_tensor: loading tensor blk.14.attn_output.scale
create_tensor: loading tensor blk.14.ffn_gate.scale
create_tensor: loading tensor blk.14.ffn_down.scale
create_tensor: loading tensor blk.14.ffn_up.scale
create_tensor: loading tensor blk.14.attn_q.input_scale
create_tensor: loading tensor blk.14.attn_k.input_scale
create_tensor: loading tensor blk.14.attn_v.input_scale
create_tensor: loading tensor blk.14.attn_output.input_scale
create_tensor: loading tensor blk.14.ffn_gate.input_scale
create_tensor: loading tensor blk.14.ffn_down.input_scale
create_tensor: loading tensor blk.14.ffn_up.input_scale
create_tensor: loading tensor blk.15.attn_q.scale
create_tensor: loading tensor blk.15.attn_k.scale
create_tensor: loading tensor blk.15.attn_v.scale
create_tensor: loading tensor blk.15.attn_output.scale
create_tensor: loading tensor blk.15.ffn_gate.scale
create_tensor: loading tensor blk.15.ffn_down.scale
create_tensor: loading tensor blk.15.ffn_up.scale
create_tensor: loading tensor blk.15.attn_q.input_scale
create_tensor: loading tensor blk.15.attn_k.input_scale
create_tensor: loading tensor blk.15.attn_v.input_scale
create_tensor: loading tensor blk.15.attn_output.input_scale
create_tensor: loading tensor blk.15.ffn_gate.input_scale
create_tensor: loading tensor blk.15.ffn_down.input_scale
create_tensor: loading tensor blk.15.ffn_up.input_scale
create_tensor: loading tensor blk.16.attn_q.scale
create_tensor: loading tensor blk.16.attn_k.scale
create_tensor: loading tensor blk.16.attn_v.scale
create_tensor: loading tensor blk.16.attn_output.scale
create_tensor: loading tensor blk.16.ffn_gate.scale
create_tensor: loading tensor blk.16.ffn_down.scale
create_tensor: loading tensor blk.16.ffn_up.scale
create_tensor: loading tensor blk.16.attn_q.input_scale
create_tensor: loading tensor blk.16.attn_k.input_scale
create_tensor: loading tensor blk.16.attn_v.input_scale
create_tensor: loading tensor blk.16.attn_output.input_scale
create_tensor: loading tensor blk.16.ffn_gate.input_scale
create_tensor: loading tensor blk.16.ffn_down.input_scale
create_tensor: loading tensor blk.16.ffn_up.input_scale
create_tensor: loading tensor blk.17.attn_q.scale
create_tensor: loading tensor blk.17.attn_k.scale
create_tensor: loading tensor blk.17.attn_v.scale
create_tensor: loading tensor blk.17.attn_output.scale
create_tensor: loading tensor blk.17.ffn_gate.scale
create_tensor: loading tensor blk.17.ffn_down.scale
create_tensor: loading tensor blk.17.ffn_up.scale
create_tensor: loading tensor blk.17.attn_q.input_scale
create_tensor: loading tensor blk.17.attn_k.input_scale
create_tensor: loading tensor blk.17.attn_v.input_scale
create_tensor: loading tensor blk.17.attn_output.input_scale
create_tensor: loading tensor blk.17.ffn_gate.input_scale
create_tensor: loading tensor blk.17.ffn_down.input_scale
create_tensor: loading tensor blk.17.ffn_up.input_scale
create_tensor: loading tensor blk.18.attn_q.scale
create_tensor: loading tensor blk.18.attn_k.scale
create_tensor: loading tensor blk.18.attn_v.scale
create_tensor: loading tensor blk.18.attn_output.scale
create_tensor: loading tensor blk.18.ffn_gate.scale
create_tensor: loading tensor blk.18.ffn_down.scale
create_tensor: loading tensor blk.18.ffn_up.scale
create_tensor: loading tensor blk.18.attn_q.input_scale
create_tensor: loading tensor blk.18.attn_k.input_scale
create_tensor: loading tensor blk.18.attn_v.input_scale
create_tensor: loading tensor blk.18.attn_output.input_scale
create_tensor: loading tensor blk.18.ffn_gate.input_scale
create_tensor: loading tensor blk.18.ffn_down.input_scale
create_tensor: loading tensor blk.18.ffn_up.input_scale
create_tensor: loading tensor blk.19.attn_q.scale
create_tensor: loading tensor blk.19.attn_k.scale
create_tensor: loading tensor blk.19.attn_v.scale
create_tensor: loading tensor blk.19.attn_output.scale
create_tensor: loading tensor blk.19.ffn_gate.scale
create_tensor: loading tensor blk.19.ffn_down.scale
create_tensor: loading tensor blk.19.ffn_up.scale
create_tensor: loading tensor blk.19.attn_q.input_scale
create_tensor: loading tensor blk.19.attn_k.input_scale
create_tensor: loading tensor blk.19.attn_v.input_scale
create_tensor: loading tensor blk.19.attn_output.input_scale
create_tensor: loading tensor blk.19.ffn_gate.input_scale
create_tensor: loading tensor blk.19.ffn_down.input_scale
create_tensor: loading tensor blk.19.ffn_up.input_scale
create_tensor: loading tensor blk.20.attn_q.scale
create_tensor: loading tensor blk.20.attn_k.scale
create_tensor: loading tensor blk.20.attn_v.scale
create_tensor: loading tensor blk.20.attn_output.scale
create_tensor: loading tensor blk.20.ffn_gate.scale
create_tensor: loading tensor blk.20.ffn_down.scale
create_tensor: loading tensor blk.20.ffn_up.scale
create_tensor: loading tensor blk.20.attn_q.input_scale
create_tensor: loading tensor blk.20.attn_k.input_scale
create_tensor: loading tensor blk.20.attn_v.input_scale
create_tensor: loading tensor blk.20.attn_output.input_scale
create_tensor: loading tensor blk.20.ffn_gate.input_scale
create_tensor: loading tensor blk.20.ffn_down.input_scale
create_tensor: loading tensor blk.20.ffn_up.input_scale
create_tensor: loading tensor blk.21.attn_q.scale
create_tensor: loading tensor blk.21.attn_k.scale
create_tensor: loading tensor blk.21.attn_v.scale
create_tensor: loading tensor blk.21.attn_output.scale
create_tensor: loading tensor blk.21.ffn_gate.scale
create_tensor: loading tensor blk.21.ffn_down.scale
create_tensor: loading tensor blk.21.ffn_up.scale
create_tensor: loading tensor blk.21.attn_q.input_scale
create_tensor: loading tensor blk.21.attn_k.input_scale
create_tensor: loading tensor blk.21.attn_v.input_scale
create_tensor: loading tensor blk.21.attn_output.input_scale
create_tensor: loading tensor blk.21.ffn_gate.input_scale
create_tensor: loading tensor blk.21.ffn_down.input_scale
create_tensor: loading tensor blk.21.ffn_up.input_scale
create_tensor: loading tensor blk.22.attn_q.scale
create_tensor: loading tensor blk.22.attn_k.scale
create_tensor: loading tensor blk.22.attn_v.scale
create_tensor: loading tensor blk.22.attn_output.scale
create_tensor: loading tensor blk.22.ffn_gate.scale
create_tensor: loading tensor blk.22.ffn_down.scale
create_tensor: loading tensor blk.22.ffn_up.scale
create_tensor: loading tensor blk.22.attn_q.input_scale
create_tensor: loading tensor blk.22.attn_k.input_scale
create_tensor: loading tensor blk.22.attn_v.input_scale
create_tensor: loading tensor blk.22.attn_output.input_scale
create_tensor: loading tensor blk.22.ffn_gate.input_scale
create_tensor: loading tensor blk.22.ffn_down.input_scale
create_tensor: loading tensor blk.22.ffn_up.input_scale
create_tensor: loading tensor blk.23.attn_q.scale
create_tensor: loading tensor blk.23.attn_k.scale
create_tensor: loading tensor blk.23.attn_v.scale
create_tensor: loading tensor blk.23.attn_output.scale
create_tensor: loading tensor blk.23.ffn_gate.scale
create_tensor: loading tensor blk.23.ffn_down.scale
create_tensor: loading tensor blk.23.ffn_up.scale
create_tensor: loading tensor blk.23.attn_q.input_scale
create_tensor: loading tensor blk.23.attn_k.input_scale
create_tensor: loading tensor blk.23.attn_v.input_scale
create_tensor: loading tensor blk.23.attn_output.input_scale
create_tensor: loading tensor blk.23.ffn_gate.input_scale
create_tensor: loading tensor blk.23.ffn_down.input_scale
create_tensor: loading tensor blk.23.ffn_up.input_scale
create_tensor: loading tensor blk.24.attn_q.scale
create_tensor: loading tensor blk.24.attn_k.scale
create_tensor: loading tensor blk.24.attn_v.scale
create_tensor: loading tensor blk.24.attn_output.scale
create_tensor: loading tensor blk.24.ffn_gate.scale
create_tensor: loading tensor blk.24.ffn_down.scale
create_tensor: loading tensor blk.24.ffn_up.scale
create_tensor: loading tensor blk.24.attn_q.input_scale
create_tensor: loading tensor blk.24.attn_k.input_scale
create_tensor: loading tensor blk.24.attn_v.input_scale
create_tensor: loading tensor blk.24.attn_output.input_scale
create_tensor: loading tensor blk.24.ffn_gate.input_scale
create_tensor: loading tensor blk.24.ffn_down.input_scale
create_tensor: loading tensor blk.24.ffn_up.input_scale
create_tensor: loading tensor blk.25.attn_q.scale
create_tensor: loading tensor blk.25.attn_k.scale
create_tensor: loading tensor blk.25.attn_v.scale
create_tensor: loading tensor blk.25.attn_output.scale
create_tensor: loading tensor blk.25.ffn_gate.scale
create_tensor: loading tensor blk.25.ffn_down.scale
create_tensor: loading tensor blk.25.ffn_up.scale
create_tensor: loading tensor blk.25.attn_q.input_scale
create_tensor: loading tensor blk.25.attn_k.input_scale
create_tensor: loading tensor blk.25.attn_v.input_scale
create_tensor: loading tensor blk.25.attn_output.input_scale
create_tensor: loading tensor blk.25.ffn_gate.input_scale
create_tensor: loading tensor blk.25.ffn_down.input_scale
create_tensor: loading tensor blk.25.ffn_up.input_scale
create_tensor: loading tensor blk.26.attn_q.scale
create_tensor: loading tensor blk.26.attn_k.scale
create_tensor: loading tensor blk.26.attn_v.scale
create_tensor: loading tensor blk.26.attn_output.scale
create_tensor: loading tensor blk.26.ffn_gate.scale
create_tensor: loading tensor blk.26.ffn_down.scale
create_tensor: loading tensor blk.26.ffn_up.scale
create_tensor: loading tensor blk.26.attn_q.input_scale
create_tensor: loading tensor blk.26.attn_k.input_scale
create_tensor: loading tensor blk.26.attn_v.input_scale
create_tensor: loading tensor blk.26.attn_output.input_scale
create_tensor: loading tensor blk.26.ffn_gate.input_scale
create_tensor: loading tensor blk.26.ffn_down.input_scale
create_tensor: loading tensor blk.26.ffn_up.input_scale
create_tensor: loading tensor blk.27.attn_q.scale
create_tensor: loading tensor blk.27.attn_k.scale
create_tensor: loading tensor blk.27.attn_v.scale
create_tensor: loading tensor blk.27.attn_output.scale
create_tensor: loading tensor blk.27.ffn_gate.scale
create_tensor: loading tensor blk.27.ffn_down.scale
create_tensor: loading tensor blk.27.ffn_up.scale
create_tensor: loading tensor blk.27.attn_q.input_scale
create_tensor: loading tensor blk.27.attn_k.input_scale
create_tensor: loading tensor blk.27.attn_v.input_scale
create_tensor: loading tensor blk.27.attn_output.input_scale
create_tensor: loading tensor blk.27.ffn_gate.input_scale
create_tensor: loading tensor blk.27.ffn_down.input_scale
create_tensor: loading tensor blk.27.ffn_up.input_scale
create_tensor: loading tensor blk.28.attn_q.scale
create_tensor: loading tensor blk.28.attn_k.scale
create_tensor: loading tensor blk.28.attn_v.scale
create_tensor: loading tensor blk.28.attn_output.scale
create_tensor: loading tensor blk.28.ffn_gate.scale
create_tensor: loading tensor blk.28.ffn_down.scale
create_tensor: loading tensor blk.28.ffn_up.scale
create_tensor: loading tensor blk.28.attn_q.input_scale
create_tensor: loading tensor blk.28.attn_k.input_scale
create_tensor: loading tensor blk.28.attn_v.input_scale
create_tensor: loading tensor blk.28.attn_output.input_scale
create_tensor: loading tensor blk.28.ffn_gate.input_scale
create_tensor: loading tensor blk.28.ffn_down.input_scale
create_tensor: loading tensor blk.28.ffn_up.input_scale
create_tensor: loading tensor blk.29.attn_q.scale
create_tensor: loading tensor blk.29.attn_k.scale
create_tensor: loading tensor blk.29.attn_v.scale
create_tensor: loading tensor blk.29.attn_output.scale
create_tensor: loading tensor blk.29.ffn_gate.scale
create_tensor: loading tensor blk.29.ffn_down.scale
create_tensor: loading tensor blk.29.ffn_up.scale
create_tensor: loading tensor blk.29.attn_q.input_scale
create_tensor: loading tensor blk.29.attn_k.input_scale
create_tensor: loading tensor blk.29.attn_v.input_scale
create_tensor: loading tensor blk.29.attn_output.input_scale
create_tensor: loading tensor blk.29.ffn_gate.input_scale
create_tensor: loading tensor blk.29.ffn_down.input_scale
create_tensor: loading tensor blk.29.ffn_up.input_scale
create_tensor: loading tensor blk.30.attn_q.scale
create_tensor: loading tensor blk.30.attn_k.scale
create_tensor: loading tensor blk.30.attn_v.scale
create_tensor: loading tensor blk.30.attn_output.scale
create_tensor: loading tensor blk.30.ffn_gate.scale
create_tensor: loading tensor blk.30.ffn_down.scale
create_tensor: loading tensor blk.30.ffn_up.scale
create_tensor: loading tensor blk.30.attn_q.input_scale
create_tensor: loading tensor blk.30.attn_k.input_scale
create_tensor: loading tensor blk.30.attn_v.input_scale
create_tensor: loading tensor blk.30.attn_output.input_scale
create_tensor: loading tensor blk.30.ffn_gate.input_scale
create_tensor: loading tensor blk.30.ffn_down.input_scale
create_tensor: loading tensor blk.30.ffn_up.input_scale
create_tensor: loading tensor blk.31.attn_q.scale
create_tensor: loading tensor blk.31.attn_k.scale
create_tensor: loading tensor blk.31.attn_v.scale
create_tensor: loading tensor blk.31.attn_output.scale
create_tensor: loading tensor blk.31.ffn_gate.scale
create_tensor: loading tensor blk.31.ffn_down.scale
create_tensor: loading tensor blk.31.ffn_up.scale
create_tensor: loading tensor blk.31.attn_q.input_scale
create_tensor: loading tensor blk.31.attn_k.input_scale
create_tensor: loading tensor blk.31.attn_v.input_scale
create_tensor: loading tensor blk.31.attn_output.input_scale
create_tensor: loading tensor blk.31.ffn_gate.input_scale
create_tensor: loading tensor blk.31.ffn_down.input_scale
create_tensor: loading tensor blk.31.ffn_up.input_scale
create_tensor: loading tensor blk.32.attn_q.scale
create_tensor: loading tensor blk.32.attn_k.scale
create_tensor: loading tensor blk.32.attn_v.scale
create_tensor: loading tensor blk.32.attn_output.scale
create_tensor: loading tensor blk.32.ffn_gate.scale
create_tensor: loading tensor blk.32.ffn_down.scale
create_tensor: loading tensor blk.32.ffn_up.scale
create_tensor: loading tensor blk.32.attn_q.input_scale
create_tensor: loading tensor blk.32.attn_k.input_scale
create_tensor: loading tensor blk.32.attn_v.input_scale
create_tensor: loading tensor blk.32.attn_output.input_scale
create_tensor: loading tensor blk.32.ffn_gate.input_scale
create_tensor: loading tensor blk.32.ffn_down.input_scale
create_tensor: loading tensor blk.32.ffn_up.input_scale
create_tensor: loading tensor blk.33.attn_q.scale
create_tensor: loading tensor blk.33.attn_k.scale
create_tensor: loading tensor blk.33.attn_v.scale
create_tensor: loading tensor blk.33.attn_output.scale
create_tensor: loading tensor blk.33.ffn_gate.scale
create_tensor: loading tensor blk.33.ffn_down.scale
create_tensor: loading tensor blk.33.ffn_up.scale
create_tensor: loading tensor blk.33.attn_q.input_scale
create_tensor: loading tensor blk.33.attn_k.input_scale
create_tensor: loading tensor blk.33.attn_v.input_scale
create_tensor: loading tensor blk.33.attn_output.input_scale
create_tensor: loading tensor blk.33.ffn_gate.input_scale
create_tensor: loading tensor blk.33.ffn_down.input_scale
create_tensor: loading tensor blk.33.ffn_up.input_scale
create_tensor: loading tensor blk.34.attn_q.scale
create_tensor: loading tensor blk.34.attn_k.scale
create_tensor: loading tensor blk.34.attn_v.scale
create_tensor: loading tensor blk.34.attn_output.scale
create_tensor: loading tensor blk.34.ffn_gate.scale
create_tensor: loading tensor blk.34.ffn_down.scale
create_tensor: loading tensor blk.34.ffn_up.scale
create_tensor: loading tensor blk.34.attn_q.input_scale
create_tensor: loading tensor blk.34.attn_k.input_scale
create_tensor: loading tensor blk.34.attn_v.input_scale
create_tensor: loading tensor blk.34.attn_output.input_scale
create_tensor: loading tensor blk.34.ffn_gate.input_scale
create_tensor: loading tensor blk.34.ffn_down.input_scale
create_tensor: loading tensor blk.34.ffn_up.input_scale
create_tensor: loading tensor blk.35.attn_q.scale
create_tensor: loading tensor blk.35.attn_k.scale
create_tensor: loading tensor blk.35.attn_v.scale
create_tensor: loading tensor blk.35.attn_output.scale
create_tensor: loading tensor blk.35.ffn_gate.scale
create_tensor: loading tensor blk.35.ffn_down.scale
create_tensor: loading tensor blk.35.ffn_up.scale
create_tensor: loading tensor blk.35.attn_q.input_scale
create_tensor: loading tensor blk.35.attn_k.input_scale
create_tensor: loading tensor blk.35.attn_v.input_scale
create_tensor: loading tensor blk.35.attn_output.input_scale
create_tensor: loading tensor blk.35.ffn_gate.input_scale
create_tensor: loading tensor blk.35.ffn_down.input_scale
create_tensor: loading tensor blk.35.ffn_up.input_scale
done_getting_tensors: tensor 'token_embd.weight' (q6_K) (and 182 others) cannot be used with preferred buffer type CPU_REPACK, using CPU instead
load_tensors:   CPU_Mapped model buffer size =  2362.55 MiB
load_tensors:   CPU_REPACK model buffer size =  1683.28 MiB
..................repack: repack tensor blk.0.attn_q.weight with q4_K_8x8
repack: repack tensor blk.0.attn_k.weight with q4_K_8x8
repack: repack tensor blk.0.attn_output.weight with q4_K_8x8
repack: repack tensor blk.0.ffn_gate.weight with q4_K_8x8
.repack: repack tensor blk.0.ffn_up.weight with q4_K_8x8
repack: repack tensor blk.1.attn_q.weight with q4_K_8x8
.repack: repack tensor blk.1.attn_k.weight with q4_K_8x8
repack: repack tensor blk.1.attn_output.weight with q4_K_8x8
repack: repack tensor blk.1.ffn_gate.weight with q4_K_8x8
repack: repack tensor blk.1.ffn_up.weight with q4_K_8x8
.repack: repack tensor blk.2.attn_q.weight with q4_K_8x8
repack: repack tensor blk.2.attn_k.weight with q4_K_8x8
repack: repack tensor blk.2.attn_output.weight with q4_K_8x8
repack: repack tensor blk.2.ffn_gate.weight with q4_K_8x8
.repack: repack tensor blk.2.ffn_up.weight with q4_K_8x8
.repack: repack tensor blk.3.attn_q.weight with q4_K_8x8
repack: repack tensor blk.3.attn_k.weight with q4_K_8x8
repack: repack tensor blk.3.attn_output.weight with q4_K_8x8
repack: repack tensor blk.3.ffn_gate.weight with q4_K_8x8
.repack: repack tensor blk.3.ffn_up.weight with q4_K_8x8
repack: repack tensor blk.4.attn_q.weight with q4_K_8x8
.repack: repack tensor blk.4.attn_k.weight with q4_K_8x8
repack: repack tensor blk.4.attn_v.weight with q4_K_8x8
repack: repack tensor blk.4.attn_output.weight with q4_K_8x8
repack: repack tensor blk.4.ffn_gate.weight with q4_K_8x8
repack: repack tensor blk.4.ffn_down.weight with q4_K_8x8
.repack: repack tensor blk.4.ffn_up.weight with q4_K_8x8
.repack: repack tensor blk.5.attn_q.weight with q4_K_8x8
repack: repack tensor blk.5.attn_k.weight with q4_K_8x8
repack: repack tensor blk.5.attn_v.weight with q4_K_8x8
repack: repack tensor blk.5.attn_output.weight with q4_K_8x8
repack: repack tensor blk.5.ffn_gate.weight with q4_K_8x8
.repack: repack tensor blk.5.ffn_down.weight with q4_K_8x8
repack: repack tensor blk.5.ffn_up.weight with q4_K_8x8
.repack: repack tensor blk.6.attn_q.weight with q4_K_8x8
repack: repack tensor blk.6.attn_k.weight with q4_K_8x8
repack: repack tensor blk.6.attn_output.weight with q4_K_8x8
repack: repack tensor blk.6.ffn_gate.weight with q4_K_8x8
.repack: repack tensor blk.6.ffn_up.weight with q4_K_8x8
repack: repack tensor blk.7.attn_q.weight with q4_K_8x8
.repack: repack tensor blk.7.attn_k.weight with q4_K_8x8
repack: repack tensor blk.7.attn_v.weight with q4_K_8x8
repack: repack tensor blk.7.attn_output.weight with q4_K_8x8
repack: repack tensor blk.7.ffn_gate.weight with q4_K_8x8
.repack: repack tensor blk.7.ffn_down.weight with q4_K_8x8
repack: repack tensor blk.7.ffn_up.weight with q4_K_8x8
.repack: repack tensor blk.8.attn_q.weight with q4_K_8x8
repack: repack tensor blk.8.attn_k.weight with q4_K_8x8
repack: repack tensor blk.8.attn_v.weight with q4_K_8x8
repack: repack tensor blk.8.attn_output.weight with q4_K_8x8
repack: repack tensor blk.8.ffn_gate.weight with q4_K_8x8
.repack: repack tensor blk.8.ffn_down.weight with q4_K_8x8
repack: repack tensor blk.8.ffn_up.weight with q4_K_8x8
.repack: repack tensor blk.9.attn_q.weight with q4_K_8x8
repack: repack tensor blk.9.attn_k.weight with q4_K_8x8
repack: repack tensor blk.9.attn_output.weight with q4_K_8x8
.repack: repack tensor blk.9.ffn_gate.weight with q4_K_8x8
repack: repack tensor blk.9.ffn_up.weight with q4_K_8x8
.repack: repack tensor blk.10.attn_q.weight with q4_K_8x8
repack: repack tensor blk.10.attn_k.weight with q4_K_8x8
repack: repack tensor blk.10.attn_v.weight with q4_K_8x8
repack: repack tensor blk.10.attn_output.weight with q4_K_8x8
repack: repack tensor blk.10.ffn_gate.weight with q4_K_8x8
.repack: repack tensor blk.10.ffn_down.weight with q4_K_8x8
repack: repack tensor blk.10.ffn_up.weight with q4_K_8x8
.repack: repack tensor blk.11.attn_q.weight with q4_K_8x8
repack: repack tensor blk.11.attn_k.weight with q4_K_8x8
repack: repack tensor blk.11.attn_v.weight with q4_K_8x8
repack: repack tensor blk.11.attn_output.weight with q4_K_8x8
.repack: repack tensor blk.11.ffn_gate.weight with q4_K_8x8
repack: repack tensor blk.11.ffn_down.weight with q4_K_8x8
.repack: repack tensor blk.11.ffn_up.weight with q4_K_8x8
repack: repack tensor blk.12.attn_q.weight with q4_K_8x8
.repack: repack tensor blk.12.attn_k.weight with q4_K_8x8
repack: repack tensor blk.12.attn_output.weight with q4_K_8x8
repack: repack tensor blk.12.ffn_gate.weight with q4_K_8x8
repack: repack tensor blk.12.ffn_up.weight with q4_K_8x8
.repack: repack tensor blk.13.attn_q.weight with q4_K_8x8
repack: repack tensor blk.13.attn_k.weight with q4_K_8x8
repack: repack tensor blk.13.attn_v.weight with q4_K_8x8
repack: repack tensor blk.13.attn_output.weight with q4_K_8x8
.repack: repack tensor blk.13.ffn_gate.weight with q4_K_8x8
repack: repack tensor blk.13.ffn_down.weight with q4_K_8x8
.repack: repack tensor blk.13.ffn_up.weight with q4_K_8x8
repack: repack tensor blk.14.attn_q.weight with q4_K_8x8
repack: repack tensor blk.14.attn_k.weight with q4_K_8x8
.repack: repack tensor blk.14.attn_v.weight with q4_K_8x8
repack: repack tensor blk.14.attn_output.weight with q4_K_8x8
repack: repack tensor blk.14.ffn_gate.weight with q4_K_8x8
repack: repack tensor blk.14.ffn_down.weight with q4_K_8x8
.repack: repack tensor blk.14.ffn_up.weight with q4_K_8x8
repack: repack tensor blk.15.attn_q.weight with q4_K_8x8
.repack: repack tensor blk.15.attn_k.weight with q4_K_8x8
repack: repack tensor blk.15.attn_output.weight with q4_K_8x8
repack: repack tensor blk.15.ffn_gate.weight with q4_K_8x8
.repack: repack tensor blk.15.ffn_up.weight with q4_K_8x8
repack: repack tensor blk.16.attn_q.weight with q4_K_8x8
repack: repack tensor blk.16.attn_k.weight with q4_K_8x8
repack: repack tensor blk.16.attn_v.weight with q4_K_8x8
repack: repack tensor blk.16.attn_output.weight with q4_K_8x8
.repack: repack tensor blk.16.ffn_gate.weight with q4_K_8x8
repack: repack tensor blk.16.ffn_down.weight with q4_K_8x8
.repack: repack tensor blk.16.ffn_up.weight with q4_K_8x8
repack: repack tensor blk.17.attn_q.weight with q4_K_8x8
.repack: repack tensor blk.17.attn_k.weight with q4_K_8x8
repack: repack tensor blk.17.attn_v.weight with q4_K_8x8
repack: repack tensor blk.17.attn_output.weight with q4_K_8x8
repack: repack tensor blk.17.ffn_gate.weight with q4_K_8x8
.repack: repack tensor blk.17.ffn_down.weight with q4_K_8x8
repack: repack tensor blk.17.ffn_up.weight with q4_K_8x8
.repack: repack tensor blk.18.attn_q.weight with q4_K_8x8
repack: repack tensor blk.18.attn_k.weight with q4_K_8x8
repack: repack tensor blk.18.attn_output.weight with q4_K_8x8
repack: repack tensor blk.18.ffn_gate.weight with q4_K_8x8
.repack: repack tensor blk.18.ffn_up.weight with q4_K_8x8
repack: repack tensor blk.19.attn_q.weight with q4_K_8x8
.repack: repack tensor blk.19.attn_k.weight with q4_K_8x8
repack: repack tensor blk.19.attn_v.weight with q4_K_8x8
repack: repack tensor blk.19.attn_output.weight with q4_K_8x8
repack: repack tensor blk.19.ffn_gate.weight with q4_K_8x8
.repack: repack tensor blk.19.ffn_down.weight with q4_K_8x8
repack: repack tensor blk.19.ffn_up.weight with q4_K_8x8
.repack: repack tensor blk.20.attn_q.weight with q4_K_8x8
repack: repack tensor blk.20.attn_k.weight with q4_K_8x8
repack: repack tensor blk.20.attn_v.weight with q4_K_8x8
repack: repack tensor blk.20.attn_output.weight with q4_K_8x8
repack: repack tensor blk.20.ffn_gate.weight with q4_K_8x8
.repack: repack tensor blk.20.ffn_down.weight with q4_K_8x8
repack: repack tensor blk.20.ffn_up.weight with q4_K_8x8
.repack: repack tensor blk.21.attn_q.weight with q4_K_8x8
repack: repack tensor blk.21.attn_k.weight with q4_K_8x8
repack: repack tensor blk.21.attn_output.weight with q4_K_8x8
repack: repack tensor blk.21.ffn_gate.weight with q4_K_8x8
.repack: repack tensor blk.21.ffn_up.weight with q4_K_8x8
.repack: repack tensor blk.22.attn_q.weight with q4_K_8x8
repack: repack tensor blk.22.attn_k.weight with q4_K_8x8
repack: repack tensor blk.22.attn_v.weight with q4_K_8x8
repack: repack tensor blk.22.attn_output.weight with q4_K_8x8
repack: repack tensor blk.22.ffn_gate.weight with q4_K_8x8
.repack: repack tensor blk.22.ffn_down.weight with q4_K_8x8
repack: repack tensor blk.22.ffn_up.weight with q4_K_8x8
.repack: repack tensor blk.23.attn_q.weight with q4_K_8x8
repack: repack tensor blk.23.attn_k.weight with q4_K_8x8
repack: repack tensor blk.23.attn_v.weight with q4_K_8x8
repack: repack tensor blk.23.attn_output.weight with q4_K_8x8
repack: repack tensor blk.23.ffn_gate.weight with q4_K_8x8
.repack: repack tensor blk.23.ffn_down.weight with q4_K_8x8
.repack: repack tensor blk.23.ffn_up.weight with q4_K_8x8
repack: repack tensor blk.24.attn_q.weight with q4_K_8x8
repack: repack tensor blk.24.attn_k.weight with q4_K_8x8
repack: repack tensor blk.24.attn_output.weight with q4_K_8x8
.repack: repack tensor blk.24.ffn_gate.weight with q4_K_8x8
repack: repack tensor blk.24.ffn_up.weight with q4_K_8x8
.repack: repack tensor blk.25.attn_q.weight with q4_K_8x8
repack: repack tensor blk.25.attn_k.weight with q4_K_8x8
repack: repack tensor blk.25.attn_v.weight with q4_K_8x8
repack: repack tensor blk.25.attn_output.weight with q4_K_8x8
repack: repack tensor blk.25.ffn_gate.weight with q4_K_8x8
.repack: repack tensor blk.25.ffn_down.weight with q4_K_8x8
.repack: repack tensor blk.25.ffn_up.weight with q4_K_8x8
repack: repack tensor blk.26.attn_q.weight with q4_K_8x8
repack: repack tensor blk.26.attn_k.weight with q4_K_8x8
repack: repack tensor blk.26.attn_v.weight with q4_K_8x8
repack: repack tensor blk.26.attn_output.weight with q4_K_8x8
.repack: repack tensor blk.26.ffn_gate.weight with q4_K_8x8
repack: repack tensor blk.26.ffn_down.weight with q4_K_8x8
.repack: repack tensor blk.26.ffn_up.weight with q4_K_8x8
repack: repack tensor blk.27.attn_q.weight with q4_K_8x8
.repack: repack tensor blk.27.attn_k.weight with q4_K_8x8
repack: repack tensor blk.27.attn_output.weight with q4_K_8x8
repack: repack tensor blk.27.ffn_gate.weight with q4_K_8x8
repack: repack tensor blk.27.ffn_up.weight with q4_K_8x8
.repack: repack tensor blk.28.attn_q.weight with q4_K_8x8
repack: repack tensor blk.28.attn_k.weight with q4_K_8x8
repack: repack tensor blk.28.attn_v.weight with q4_K_8x8
repack: repack tensor blk.28.attn_output.weight with q4_K_8x8
.repack: repack tensor blk.28.ffn_gate.weight with q4_K_8x8
repack: repack tensor blk.28.ffn_down.weight with q4_K_8x8
.repack: repack tensor blk.28.ffn_up.weight with q4_K_8x8
repack: repack tensor blk.29.attn_q.weight with q4_K_8x8
.repack: repack tensor blk.29.attn_k.weight with q4_K_8x8
repack: repack tensor blk.29.attn_v.weight with q4_K_8x8
repack: repack tensor blk.29.attn_output.weight with q4_K_8x8
repack: repack tensor blk.29.ffn_gate.weight with q4_K_8x8
repack: repack tensor blk.29.ffn_down.weight with q4_K_8x8
.repack: repack tensor blk.29.ffn_up.weight with q4_K_8x8
.repack: repack tensor blk.30.attn_q.weight with q4_K_8x8
repack: repack tensor blk.30.attn_k.weight with q4_K_8x8
repack: repack tensor blk.30.attn_output.weight with q4_K_8x8
repack: repack tensor blk.30.ffn_gate.weight with q4_K_8x8
.repack: repack tensor blk.30.ffn_up.weight with q4_K_8x8
repack: repack tensor blk.31.attn_q.weight with q4_K_8x8
repack: repack tensor blk.31.attn_k.weight with q4_K_8x8
.repack: repack tensor blk.31.attn_output.weight with q4_K_8x8
repack: repack tensor blk.31.ffn_gate.weight with q4_K_8x8
repack: repack tensor blk.31.ffn_up.weight with q4_K_8x8
.repack: repack tensor blk.32.attn_q.weight with q4_K_8x8
repack: repack tensor blk.32.attn_k.weight with q4_K_8x8
repack: repack tensor blk.32.attn_output.weight with q4_K_8x8
repack: repack tensor blk.32.ffn_gate.weight with q4_K_8x8
.repack: repack tensor blk.32.ffn_up.weight with q4_K_8x8
.repack: repack tensor blk.33.attn_q.weight with q4_K_8x8
repack: repack tensor blk.33.attn_k.weight with q4_K_8x8
repack: repack tensor blk.33.attn_output.weight with q4_K_8x8
repack: repack tensor blk.33.ffn_gate.weight with q4_K_8x8
.repack: repack tensor blk.33.ffn_up.weight with q4_K_8x8
repack: repack tensor blk.34.attn_q.weight with q4_K_8x8
repack: repack tensor blk.34.attn_k.weight with q4_K_8x8
repack: repack tensor blk.34.attn_output.weight with q4_K_8x8
.repack: repack tensor blk.34.ffn_gate.weight with q4_K_8x8
repack: repack tensor blk.34.ffn_up.weight with q4_K_8x8
.repack: repack tensor blk.35.attn_q.weight with q4_K_8x8
repack: repack tensor blk.35.attn_k.weight with q4_K_8x8
repack: repack tensor blk.35.attn_output.weight with q4_K_8x8
repack: repack tensor blk.35.ffn_gate.weight with q4_K_8x8
.repack: repack tensor blk.35.ffn_up.weight with q4_K_8x8
.
llama_context: constructing llama_context
llama_context: n_seq_max             = 1
llama_context: n_ctx                 = 4096
llama_context: n_ctx_seq             = 4096
llama_context: n_batch               = 512
llama_context: n_ubatch              = 512
llama_context: causal_attn           = 1
llama_context: flash_attn            = disabled
llama_context: kv_unified            = false
llama_context: freq_base             = 5000000.0
llama_context: freq_scale            = 1
llama_context: n_rs_seq              = 0
llama_context: n_outputs_max         = 512
llama_context: n_outputs_max_per_seq = 1
llama_context: n_ctx_seq (4096) < n_ctx_train (262144) -- the full capacity of the model will not be utilized
set_abort_callback: call
llama_context:        CPU  output buffer size =     0.58 MiB
llama_kv_cache: layer   0: dev = CPU
llama_kv_cache: layer   1: dev = CPU
llama_kv_cache: layer   2: dev = CPU
llama_kv_cache: layer   3: dev = CPU
llama_kv_cache: layer   4: dev = CPU
llama_kv_cache: layer   5: dev = CPU
llama_kv_cache: layer   6: dev = CPU
llama_kv_cache: layer   7: dev = CPU
llama_kv_cache: layer   8: dev = CPU
llama_kv_cache: layer   9: dev = CPU
llama_kv_cache: layer  10: dev = CPU
llama_kv_cache: layer  11: dev = CPU
llama_kv_cache: layer  12: dev = CPU
llama_kv_cache: layer  13: dev = CPU
llama_kv_cache: layer  14: dev = CPU
llama_kv_cache: layer  15: dev = CPU
llama_kv_cache: layer  16: dev = CPU
llama_kv_cache: layer  17: dev = CPU
llama_kv_cache: layer  18: dev = CPU
llama_kv_cache: layer  19: dev = CPU
llama_kv_cache: layer  20: dev = CPU
llama_kv_cache: layer  21: dev = CPU
llama_kv_cache: layer  22: dev = CPU
llama_kv_cache: layer  23: dev = CPU
llama_kv_cache: layer  24: dev = CPU
llama_kv_cache: layer  25: dev = CPU
llama_kv_cache: layer  26: dev = CPU
llama_kv_cache: layer  27: dev = CPU
llama_kv_cache: layer  28: dev = CPU
llama_kv_cache: layer  29: dev = CPU
llama_kv_cache: layer  30: dev = CPU
llama_kv_cache: layer  31: dev = CPU
llama_kv_cache: layer  32: dev = CPU
llama_kv_cache: layer  33: dev = CPU
llama_kv_cache: layer  34: dev = CPU
llama_kv_cache: layer  35: dev = CPU
llama_kv_cache:        CPU KV buffer size =   576.00 MiB
llama_kv_cache: size =  576.00 MiB (  4096 cells,  36 layers,  1/1 seqs), K (f16):  288.00 MiB, V (f16):  288.00 MiB
llama_kv_cache: attn_rot_k = 0, n_embd_head_k_all = 128
llama_kv_cache: attn_rot_v = 0, n_embd_head_k_all = 128
llama_context: enumerating backends
llama_context: backend_ptrs.size() = 1
sched_reserve: reserving ...
sched_reserve: max_nodes = 3184
sched_reserve: reserving full memory module
sched_reserve: worst-case: n_tokens = 512, n_seqs = 1, n_outputs = 1
resolve_fused_ops: resolving fused Gated Delta Net support:
graph_reserve: reserving a graph for ubatch with n_tokens =    1, n_seqs =  1, n_outputs =    1
resolve_fused_ops: fused Gated Delta Net (autoregressive) enabled
graph_reserve: reserving a graph for ubatch with n_tokens =   16, n_seqs =  1, n_outputs =   16
resolve_fused_ops: fused Gated Delta Net (chunked) enabled
resolve_fused_ops: resolving fused Lightning Indexer support:
graph_reserve: reserving a graph for ubatch with n_tokens =    1, n_seqs =  1, n_outputs =    1
resolve_fused_ops: Lightning Indexer enabled
resolve_fused_ops: resolving fused DeepSeek V4 HC support:
graph_reserve: reserving a graph for ubatch with n_tokens =    1, n_seqs =  1, n_outputs =    1
resolve_fused_ops: fused DeepSeek V4 HC pre enabled
graph_reserve: reserving a graph for ubatch with n_tokens =    1, n_seqs =  1, n_outputs =    1
resolve_fused_ops: fused DeepSeek V4 HC comb enabled
graph_reserve: reserving a graph for ubatch with n_tokens =    1, n_seqs =  1, n_outputs =    1
resolve_fused_ops: fused DeepSeek V4 HC post enabled
graph_reserve: reserving a graph for ubatch with n_tokens =  512, n_seqs =  1, n_outputs =  512
graph_reserve: reserving a graph for ubatch with n_tokens =    1, n_seqs =  1, n_outputs =    1
graph_reserve: reserving a graph for ubatch with n_tokens =  512, n_seqs =  1, n_outputs =  512
sched_reserve:        CPU compute buffer size =   306.75 MiB
sched_reserve: graph nodes  = 1446
sched_reserve: graph splits = 1
sched_reserve: reserve took 3.47 ms, sched copies = 1
CPU : SSE3 = 1 | SSSE3 = 1 | AVX = 1 | AVX2 = 1 | F16C = 1 | FMA = 1 | BMI2 = 1 | LLAMAFILE = 1 | OPENMP = 1 | REPACK = 1 | 
Model metadata: {'general.file_type': '15', 'tokenizer.ggml.bos_token_id': '151643', 'tokenizer.ggml.padding_token_id': '151643', 'tokenizer.ggml.eos_token_id': '151645', 'qwen3.attention.value_length': '128', 'qwen3.attention.key_length': '128', 'qwen3.rope.freq_base': '5000000.000000', 'general.architecture': 'qwen3', 'tokenizer.chat_template': '{%- if tools %}\n    {{- \'<|im_start|>system\\n\' }}\n    {%- if messages[0].role == \'system\' %}\n        {{- messages[0].content + \'\\n\\n\' }}\n    {%- endif %}\n    {{- "# Tools\\n\\nYou may call one or more functions to assist with the user query.\\n\\nYou are provided with function signatures within <tools></tools> XML tags:\\n<tools>" }}\n    {%- for tool in tools %}\n        {{- "\\n" }}\n        {{- tool | tojson }}\n    {%- endfor %}\n    {{- "\\n</tools>\\n\\nFor each function call, return a json object with function name and arguments within <tool_call></tool_call> XML tags:\\n<tool_call>\\n{\\"name\\": <function-name>, \\"arguments\\": <args-json-object>}\\n</tool_call><|im_end|>\\n" }}\n{%- else %}\n    {%- if messages[0].role == \'system\' %}\n        {{- \'<|im_start|>system\\n\' + messages[0].content + \'<|im_end|>\\n\' }}\n    {%- endif %}\n{%- endif %}\n{%- for message in messages %}\n    {%- if message.content is string %}\n        {%- set content = message.content %}\n    {%- else %}\n        {%- set content = \'\' %}\n    {%- endif %}\n    {%- if (message.role == "user") or (message.role == "system" and not loop.first) %}\n        {{- \'<|im_start|>\' + message.role + \'\\n\' + content + \'<|im_end|>\' + \'\\n\' }}\n    {%- elif message.role == "assistant" %}\n        {{- \'<|im_start|>\' + message.role + \'\\n\' + content }}\n        {%- if message.tool_calls %}\n            {%- for tool_call in message.tool_calls %}\n                {%- if (loop.first and content) or (not loop.first) %}\n                    {{- \'\\n\' }}\n                {%- endif %}\n                {%- if tool_call.function %}\n                    {%- set tool_call = tool_call.function %}\n                {%- endif %}\n                {{- \'<tool_call>\\n{"name": "\' }}\n                {{- tool_call.name }}\n                {{- \'", "arguments": \' }}\n                {%- if tool_call.arguments is string %}\n                    {{- tool_call.arguments }}\n                {%- else %}\n                    {{- tool_call.arguments | tojson }}\n                {%- endif %}\n                {{- \'}\\n</tool_call>\' }}\n            {%- endfor %}\n        {%- endif %}\n        {{- \'<|im_end|>\\n\' }}\n    {%- elif message.role == "tool" %}\n        {%- if loop.first or (messages[loop.index0 - 1].role != "tool") %}\n            {{- \'<|im_start|>user\' }}\n        {%- endif %}\n        {{- \'\\n<tool_response>\\n\' }}\n        {{- content }}\n        {{- \'\\n</tool_response>\' }}\n        {%- if loop.last or (messages[loop.index0 + 1].role != "tool") %}\n            {{- \'<|im_end|>\\n\' }}\n        {%- endif %}\n    {%- endif %}\n{%- endfor %}\n{%- if add_generation_prompt %}\n    {{- \'<|im_start|>assistant\\n\' }}\n{%- endif %}', 'qwen3.context_length': '262144', 'general.sampling.top_p': '0.800000', 'general.sampling.temp': '0.700000', 'tokenizer.ggml.pre': 'qwen2', 'general.name': 'Qwen4B S43 Merged', 'qwen3.attention.layer_norm_rms_epsilon': '0.000001', 'general.type': 'model', 'general.size_label': '4.0B', 'qwen3.block_count': '36', 'general.sampling.top_k': '20', 'qwen3.embedding_length': '2560', 'general.quantization_version': '2', 'tokenizer.ggml.model': 'gpt2', 'qwen3.attention.head_count': '32', 'qwen3.feed_forward_length': '9728', 'qwen3.attention.head_count_kv': '8'}
Available chat formats from metadata: chat_template.default
Using gguf chat template: {%- if tools %}
    {{- '<|im_start|>system\n' }}
    {%- if messages[0].role == 'system' %}
        {{- messages[0].content + '\n\n' }}
    {%- endif %}
    {{- "# Tools\n\nYou may call one or more functions to assist with the user query.\n\nYou are provided with function signatures within <tools></tools> XML tags:\n<tools>" }}
    {%- for tool in tools %}
        {{- "\n" }}
        {{- tool | tojson }}
    {%- endfor %}
    {{- "\n</tools>\n\nFor each function call, return a json object with function name and arguments within <tool_call></tool_call> XML tags:\n<tool_call>\n{\"name\": <function-name>, \"arguments\": <args-json-object>}\n</tool_call><|im_end|>\n" }}
{%- else %}
    {%- if messages[0].role == 'system' %}
        {{- '<|im_start|>system\n' + messages[0].content + '<|im_end|>\n' }}
    {%- endif %}
{%- endif %}
{%- for message in messages %}
    {%- if message.content is string %}
        {%- set content = message.content %}
    {%- else %}
        {%- set content = '' %}
    {%- endif %}
    {%- if (message.role == "user") or (message.role == "system" and not loop.first) %}
        {{- '<|im_start|>' + message.role + '\n' + content + '<|im_end|>' + '\n' }}
    {%- elif message.role == "assistant" %}
        {{- '<|im_start|>' + message.role + '\n' + content }}
        {%- if message.tool_calls %}
            {%- for tool_call in message.tool_calls %}
                {%- if (loop.first and content) or (not loop.first) %}
                    {{- '\n' }}
                {%- endif %}
                {%- if tool_call.function %}
                    {%- set tool_call = tool_call.function %}
                {%- endif %}
                {{- '<tool_call>\n{"name": "' }}
                {{- tool_call.name }}
                {{- '", "arguments": ' }}
                {%- if tool_call.arguments is string %}
                    {{- tool_call.arguments }}
                {%- else %}
                    {{- tool_call.arguments | tojson }}
                {%- endif %}
                {{- '}\n</tool_call>' }}
            {%- endfor %}
        {%- endif %}
        {{- '<|im_end|>\n' }}
    {%- elif message.role == "tool" %}
        {%- if loop.first or (messages[loop.index0 - 1].role != "tool") %}
            {{- '<|im_start|>user' }}
        {%- endif %}
        {{- '\n<tool_response>\n' }}
        {{- content }}
        {{- '\n</tool_response>' }}
        {%- if loop.last or (messages[loop.index0 + 1].role != "tool") %}
            {{- '<|im_end|>\n' }}
        {%- endif %}
    {%- endif %}
{%- endfor %}
{%- if add_generation_prompt %}
    {{- '<|im_start|>assistant\n' }}
{%- endif %}
Using chat eos_token: <|im_end|>
Using chat bos_token: <|endoftext|>
llama_perf_context_print:        load time =   36357.68 ms
llama_perf_context_print: prompt eval time =   36357.25 ms /   704 tokens (   51.64 ms per token,    19.36 tokens per second)
llama_perf_context_print:        eval time =    8902.86 ms /   112 runs   (   79.49 ms per token,    12.58 tokens per second)
llama_perf_context_print:       total time =   46596.97 ms /   816 tokens
llama_perf_context_print:    graphs reused =        110
Llama.generate: 678 prefix-match hit, remaining 18 prompt tokens to eval
llama_perf_context_print:        load time =   36357.68 ms
llama_perf_context_print: prompt eval time =   16336.53 ms /    18 tokens (  907.58 ms per token,     1.10 tokens per second)
llama_perf_context_print:        eval time =    8693.94 ms /   110 runs   (   79.04 ms per token,    12.65 tokens per second)
llama_perf_context_print:       total time =   26310.59 ms /   128 tokens
llama_perf_context_print:    graphs reused =        108
Llama.generate: 678 prefix-match hit, remaining 33 prompt tokens to eval
llama_perf_context_print:        load time =   36357.68 ms
llama_perf_context_print: prompt eval time =   15122.19 ms /    33 tokens (  458.25 ms per token,     2.18 tokens per second)
llama_perf_context_print:        eval time =    9167.07 ms /   115 runs   (   79.71 ms per token,    12.54 tokens per second)
llama_perf_context_print:       total time =   25644.77 ms /   148 tokens
llama_perf_context_print:    graphs reused =        113
Llama.generate: 678 prefix-match hit, remaining 39 prompt tokens to eval
llama_perf_context_print:        load time =   36357.68 ms
llama_perf_context_print: prompt eval time =   16652.77 ms /    39 tokens (  426.99 ms per token,     2.34 tokens per second)
llama_perf_context_print:        eval time =   11535.20 ms /   145 runs   (   79.55 ms per token,    12.57 tokens per second)
llama_perf_context_print:       total time =   29984.44 ms /   184 tokens
llama_perf_context_print:    graphs reused =        143
Llama.generate: 678 prefix-match hit, remaining 22 prompt tokens to eval
llama_perf_context_print:        load time =   36357.68 ms
llama_perf_context_print: prompt eval time =   15808.01 ms /    22 tokens (  718.55 ms per token,     1.39 tokens per second)
llama_perf_context_print:        eval time =    8944.11 ms /   113 runs   (   79.15 ms per token,    12.63 tokens per second)
llama_perf_context_print:       total time =   26101.42 ms /   135 tokens
llama_perf_context_print:    graphs reused =        111
Llama.generate: 678 prefix-match hit, remaining 26 prompt tokens to eval
llama_perf_context_print:        load time =   36357.68 ms
llama_perf_context_print: prompt eval time =   15937.04 ms /    26 tokens (  612.96 ms per token,     1.63 tokens per second)
llama_perf_context_print:        eval time =   10806.67 ms /   136 runs   (   79.46 ms per token,    12.58 tokens per second)
llama_perf_context_print:       total time =   28434.60 ms /   162 tokens
llama_perf_context_print:    graphs reused =        134
Llama.generate: 693 prefix-match hit, remaining 34 prompt tokens to eval
llama_perf_context_print:        load time =   36357.68 ms
llama_perf_context_print: prompt eval time =   16758.84 ms /    34 tokens (  492.91 ms per token,     2.03 tokens per second)
llama_perf_context_print:        eval time =   10934.38 ms /   137 runs   (   79.81 ms per token,    12.53 tokens per second)
llama_perf_context_print:       total time =   29387.14 ms /   171 tokens
llama_perf_context_print:    graphs reused =        135
Llama.generate: 679 prefix-match hit, remaining 26 prompt tokens to eval
llama_perf_context_print:        load time =   36357.68 ms
llama_perf_context_print: prompt eval time =   15986.93 ms /    26 tokens (  614.88 ms per token,     1.63 tokens per second)
llama_perf_context_print:        eval time =   10787.69 ms /   136 runs   (   79.32 ms per token,    12.61 tokens per second)
llama_perf_context_print:       total time =   28461.00 ms /   162 tokens
llama_perf_context_print:    graphs reused =        134
Llama.generate: 679 prefix-match hit, remaining 35 prompt tokens to eval
llama_perf_context_print:        load time =   36357.68 ms
llama_perf_context_print: prompt eval time =   16046.21 ms /    35 tokens (  458.46 ms per token,     2.18 tokens per second)
llama_perf_context_print:        eval time =   14352.10 ms /   180 runs   (   79.73 ms per token,    12.54 tokens per second)
llama_perf_context_print:       total time =   33046.62 ms /   215 tokens
llama_perf_context_print:    graphs reused =        178
Llama.generate: 679 prefix-match hit, remaining 38 prompt tokens to eval
llama_perf_context_print:        load time =   36357.68 ms
llama_perf_context_print: prompt eval time =   16647.77 ms /    38 tokens (  438.10 ms per token,     2.28 tokens per second)
llama_perf_context_print:        eval time =   11571.47 ms /   145 runs   (   79.80 ms per token,    12.53 tokens per second)
llama_perf_context_print:       total time =   30240.31 ms /   183 tokens
llama_perf_context_print:    graphs reused =        143
Llama.generate: 678 prefix-match hit, remaining 21 prompt tokens to eval
llama_perf_context_print:        load time =   36357.68 ms
llama_perf_context_print: prompt eval time =   16017.70 ms /    21 tokens (  762.75 ms per token,     1.31 tokens per second)
llama_perf_context_print:        eval time =    9147.75 ms /   115 runs   (   79.55 ms per token,    12.57 tokens per second)
llama_perf_context_print:       total time =   26624.06 ms /   136 tokens
llama_perf_context_print:    graphs reused =        113
Llama.generate: 686 prefix-match hit, remaining 18 prompt tokens to eval
llama_perf_context_print:        load time =   36357.68 ms
llama_perf_context_print: prompt eval time =   16642.02 ms /    18 tokens (  924.56 ms per token,     1.08 tokens per second)
llama_perf_context_print:        eval time =    9120.47 ms /   115 runs   (   79.31 ms per token,    12.61 tokens per second)
llama_perf_context_print:       total time =   27165.89 ms /   133 tokens
llama_perf_context_print:    graphs reused =        113
Llama.generate: 678 prefix-match hit, remaining 40 prompt tokens to eval
llama_perf_context_print:        load time =   36357.68 ms
llama_perf_context_print: prompt eval time =   15704.34 ms /    40 tokens (  392.61 ms per token,     2.55 tokens per second)
llama_perf_context_print:        eval time =   10174.35 ms /   128 runs   (   79.49 ms per token,    12.58 tokens per second)
llama_perf_context_print:       total time =   27640.45 ms /   168 tokens
llama_perf_context_print:    graphs reused =        126
Llama.generate: 678 prefix-match hit, remaining 40 prompt tokens to eval
llama_perf_context_print:        load time =   36357.68 ms
llama_perf_context_print: prompt eval time =   16145.04 ms /    40 tokens (  403.63 ms per token,     2.48 tokens per second)
llama_perf_context_print:        eval time =   11049.98 ms /   139 runs   (   79.50 ms per token,    12.58 tokens per second)
llama_perf_context_print:       total time =   29194.25 ms /   179 tokens
llama_perf_context_print:    graphs reused =        137
Llama.generate: 679 prefix-match hit, remaining 47 prompt tokens to eval
llama_perf_context_print:        load time =   36357.68 ms
llama_perf_context_print: prompt eval time =   16813.05 ms /    47 tokens (  357.72 ms per token,     2.80 tokens per second)
llama_perf_context_print:        eval time =   11908.05 ms /   149 runs   (   79.92 ms per token,    12.51 tokens per second)
llama_perf_context_print:       total time =   31019.77 ms /   196 tokens
llama_perf_context_print:    graphs reused =        147
Llama.generate: 678 prefix-match hit, remaining 23 prompt tokens to eval
llama_perf_context_print:        load time =   36357.68 ms
llama_perf_context_print: prompt eval time =   16657.56 ms /    23 tokens (  724.24 ms per token,     1.38 tokens per second)
llama_perf_context_print:        eval time =    9215.96 ms /   116 runs   (   79.45 ms per token,    12.59 tokens per second)
llama_perf_context_print:       total time =   27416.58 ms /   139 tokens
llama_perf_context_print:    graphs reused =        114
Llama.generate: 678 prefix-match hit, remaining 16 prompt tokens to eval
llama_perf_context_print:        load time =   36357.68 ms
llama_perf_context_print: prompt eval time =   16652.30 ms /    16 tokens ( 1040.77 ms per token,     0.96 tokens per second)
llama_perf_context_print:        eval time =    9120.76 ms /   115 runs   (   79.31 ms per token,    12.61 tokens per second)
llama_perf_context_print:       total time =   27292.73 ms /   131 tokens
llama_perf_context_print:    graphs reused =        113
Llama.generate: 678 prefix-match hit, remaining 38 prompt tokens to eval
llama_perf_context_print:        load time =   36357.68 ms
llama_perf_context_print: prompt eval time =   14869.70 ms /    38 tokens (  391.31 ms per token,     2.56 tokens per second)
llama_perf_context_print:        eval time =    9640.56 ms /   121 runs   (   79.67 ms per token,    12.55 tokens per second)
llama_perf_context_print:       total time =   26161.64 ms /   159 tokens
llama_perf_context_print:    graphs reused =        119
Llama.generate: 678 prefix-match hit, remaining 30 prompt tokens to eval
llama_perf_context_print:        load time =   36357.68 ms
llama_perf_context_print: prompt eval time =   16026.33 ms /    30 tokens (  534.21 ms per token,     1.87 tokens per second)
llama_perf_context_print:        eval time =    9744.38 ms /   123 runs   (   79.22 ms per token,    12.62 tokens per second)
llama_perf_context_print:       total time =   27564.49 ms /   153 tokens
llama_perf_context_print:    graphs reused =        121
Llama.generate: 678 prefix-match hit, remaining 30 prompt tokens to eval
llama_perf_context_print:        load time =   36357.68 ms
llama_perf_context_print: prompt eval time =   16776.20 ms /    30 tokens (  559.21 ms per token,     1.79 tokens per second)
llama_perf_context_print:        eval time =    8878.01 ms /   112 runs   (   79.27 ms per token,    12.62 tokens per second)
llama_perf_context_print:       total time =   27134.13 ms /   142 tokens
llama_perf_context_print:    graphs reused =        110
[gguf] grammar=commandJSONSchema fingerprint=9432361c7bc3aa86 (2730 chars GBNF)

=== eval: qwen4b-s43-gbnf-diag (20 rows) ===
decode                 : gbnf (commandJSONSchema 9432361c7bc3aa86)
closed-intent accuracy : 1.000  (gate 0.95)
contact slot F1        : 0.800  (gate 0.9)
time slot F1           : 0.833  (gate 0.9)
EMERGENCY RECALL       : 1.000  (gate 1.0 — hard)
side-effect precision  : 1.000  (gate 0.97)
per-intent:
  ack_med                1/1
  call                   5/5
  emergency              3/3
  guide                  1/1
  health_query           2/2
  music                  2/2
  none                   1/2
  query                  1/1
  send_message           1/1
  set_reminder           2/2
calibration (conf bucket → accuracy):
  0.3+: 1.00 over 1
  0.8+: 0.83 over 6
  0.9+: 1.00 over 13

per-row diffs (intent / contact / time; * = mismatch):
  gc-call-001          intent call -> call | contact 'माइया' -> None * | time None -> None
      utt: माइयालाई फोन गर
  gc-call-003          intent call -> call | contact 'छोरा' -> None * | time None -> None
      utt: छोरालाई वाट्सएपमा कल गर
  gc-ack-002           intent none -> ack_med * | contact None -> None | time None -> None
      utt: औषधि खाएको छैन
  gc-reminder-001      intent set_reminder -> set_reminder | contact None -> None | time 'बिहान ८ बजे' -> '८ बजे' *
      utt: बिहान ८ बजे औषधि खान सम्झाउनु
  gc-message-001       intent send_message -> send_message | contact 'सुनिता' -> 'सुनिता' | time None -> 'आज' *
      utt: सुनितालाई आज भेट्नुहोस् भनेर मेसेज पठाउ

GATES FAILED: ['contact_f1', 'time_f1'] — this checkpoint must not ship
~llama_context:        CPU compute buffer size is 306.7520 MiB, matches expectation of 306.7520 MiB
