INFO:hf-to-gguf:Loading model: gemma-merged
INFO:hf-to-gguf:Model architecture: Gemma3ForCausalLM
INFO:hf-to-gguf:gguf: indexing model part 'model.safetensors'
INFO:gguf.gguf_writer:gguf: This GGUF file is for Little Endian only
INFO:hf-to-gguf:Exporting model...
INFO:hf-to-gguf:token_embd.weight,                 torch.float16 --> F16, shape = {1152, 262144}
INFO:hf-to-gguf:blk.0.attn_norm.weight,            torch.float16 --> F32, shape = {1152}
INFO:hf-to-gguf:blk.0.ffn_down.weight,             torch.float16 --> F16, shape = {6912, 1152}
INFO:hf-to-gguf:blk.0.ffn_gate.weight,             torch.float16 --> F16, shape = {1152, 6912}
INFO:hf-to-gguf:blk.0.ffn_up.weight,               torch.float16 --> F16, shape = {1152, 6912}
INFO:hf-to-gguf:blk.0.post_attention_norm.weight,  torch.float16 --> F32, shape = {1152}
INFO:hf-to-gguf:blk.0.post_ffw_norm.weight,        torch.float16 --> F32, shape = {1152}
INFO:hf-to-gguf:blk.0.ffn_norm.weight,             torch.float16 --> F32, shape = {1152}
INFO:hf-to-gguf:blk.0.attn_k_norm.weight,          torch.float16 --> F32, shape = {256}
INFO:hf-to-gguf:blk.0.attn_k.weight,               torch.float16 --> F16, shape = {1152, 256}
INFO:hf-to-gguf:blk.0.attn_output.weight,          torch.float16 --> F16, shape = {1024, 1152}
INFO:hf-to-gguf:blk.0.attn_q_norm.weight,          torch.float16 --> F32, shape = {256}
INFO:hf-to-gguf:blk.0.attn_q.weight,               torch.float16 --> F16, shape = {1152, 1024}
INFO:hf-to-gguf:blk.0.attn_v.weight,               torch.float16 --> F16, shape = {1152, 256}
INFO:hf-to-gguf:blk.1.attn_norm.weight,            torch.float16 --> F32, shape = {1152}
INFO:hf-to-gguf:blk.1.ffn_down.weight,             torch.float16 --> F16, shape = {6912, 1152}
INFO:hf-to-gguf:blk.1.ffn_gate.weight,             torch.float16 --> F16, shape = {1152, 6912}
INFO:hf-to-gguf:blk.1.ffn_up.weight,               torch.float16 --> F16, shape = {1152, 6912}
INFO:hf-to-gguf:blk.1.post_attention_norm.weight,  torch.float16 --> F32, shape = {1152}
INFO:hf-to-gguf:blk.1.post_ffw_norm.weight,        torch.float16 --> F32, shape = {1152}
INFO:hf-to-gguf:blk.1.ffn_norm.weight,             torch.float16 --> F32, shape = {1152}
INFO:hf-to-gguf:blk.1.attn_k_norm.weight,          torch.float16 --> F32, shape = {256}
INFO:hf-to-gguf:blk.1.attn_k.weight,               torch.float16 --> F16, shape = {1152, 256}
INFO:hf-to-gguf:blk.1.attn_output.weight,          torch.float16 --> F16, shape = {1024, 1152}
INFO:hf-to-gguf:blk.1.attn_q_norm.weight,          torch.float16 --> F32, shape = {256}
INFO:hf-to-gguf:blk.1.attn_q.weight,               torch.float16 --> F16, shape = {1152, 1024}
INFO:hf-to-gguf:blk.1.attn_v.weight,               torch.float16 --> F16, shape = {1152, 256}
INFO:hf-to-gguf:blk.10.attn_norm.weight,           torch.float16 --> F32, shape = {1152}
INFO:hf-to-gguf:blk.10.ffn_down.weight,            torch.float16 --> F16, shape = {6912, 1152}
INFO:hf-to-gguf:blk.10.ffn_gate.weight,            torch.float16 --> F16, shape = {1152, 6912}
INFO:hf-to-gguf:blk.10.ffn_up.weight,              torch.float16 --> F16, shape = {1152, 6912}
INFO:hf-to-gguf:blk.10.post_attention_norm.weight, torch.float16 --> F32, shape = {1152}
INFO:hf-to-gguf:blk.10.post_ffw_norm.weight,       torch.float16 --> F32, shape = {1152}
INFO:hf-to-gguf:blk.10.ffn_norm.weight,            torch.float16 --> F32, shape = {1152}
INFO:hf-to-gguf:blk.10.attn_k_norm.weight,         torch.float16 --> F32, shape = {256}
INFO:hf-to-gguf:blk.10.attn_k.weight,              torch.float16 --> F16, shape = {1152, 256}
INFO:hf-to-gguf:blk.10.attn_output.weight,         torch.float16 --> F16, shape = {1024, 1152}
INFO:hf-to-gguf:blk.10.attn_q_norm.weight,         torch.float16 --> F32, shape = {256}
INFO:hf-to-gguf:blk.10.attn_q.weight,              torch.float16 --> F16, shape = {1152, 1024}
INFO:hf-to-gguf:blk.10.attn_v.weight,              torch.float16 --> F16, shape = {1152, 256}
INFO:hf-to-gguf:blk.11.attn_norm.weight,           torch.float16 --> F32, shape = {1152}
INFO:hf-to-gguf:blk.11.ffn_down.weight,            torch.float16 --> F16, shape = {6912, 1152}
INFO:hf-to-gguf:blk.11.ffn_gate.weight,            torch.float16 --> F16, shape = {1152, 6912}
INFO:hf-to-gguf:blk.11.ffn_up.weight,              torch.float16 --> F16, shape = {1152, 6912}
INFO:hf-to-gguf:blk.11.post_attention_norm.weight, torch.float16 --> F32, shape = {1152}
INFO:hf-to-gguf:blk.11.post_ffw_norm.weight,       torch.float16 --> F32, shape = {1152}
INFO:hf-to-gguf:blk.11.ffn_norm.weight,            torch.float16 --> F32, shape = {1152}
INFO:hf-to-gguf:blk.11.attn_k_norm.weight,         torch.float16 --> F32, shape = {256}
INFO:hf-to-gguf:blk.11.attn_k.weight,              torch.float16 --> F16, shape = {1152, 256}
INFO:hf-to-gguf:blk.11.attn_output.weight,         torch.float16 --> F16, shape = {1024, 1152}
INFO:hf-to-gguf:blk.11.attn_q_norm.weight,         torch.float16 --> F32, shape = {256}
INFO:hf-to-gguf:blk.11.attn_q.weight,              torch.float16 --> F16, shape = {1152, 1024}
INFO:hf-to-gguf:blk.11.attn_v.weight,              torch.float16 --> F16, shape = {1152, 256}
INFO:hf-to-gguf:blk.12.attn_norm.weight,           torch.float16 --> F32, shape = {1152}
INFO:hf-to-gguf:blk.12.ffn_down.weight,            torch.float16 --> F16, shape = {6912, 1152}
INFO:hf-to-gguf:blk.12.ffn_gate.weight,            torch.float16 --> F16, shape = {1152, 6912}
INFO:hf-to-gguf:blk.12.ffn_up.weight,              torch.float16 --> F16, shape = {1152, 6912}
INFO:hf-to-gguf:blk.12.post_attention_norm.weight, torch.float16 --> F32, shape = {1152}
INFO:hf-to-gguf:blk.12.post_ffw_norm.weight,       torch.float16 --> F32, shape = {1152}
INFO:hf-to-gguf:blk.12.ffn_norm.weight,            torch.float16 --> F32, shape = {1152}
INFO:hf-to-gguf:blk.12.attn_k_norm.weight,         torch.float16 --> F32, shape = {256}
INFO:hf-to-gguf:blk.12.attn_k.weight,              torch.float16 --> F16, shape = {1152, 256}
INFO:hf-to-gguf:blk.12.attn_output.weight,         torch.float16 --> F16, shape = {1024, 1152}
INFO:hf-to-gguf:blk.12.attn_q_norm.weight,         torch.float16 --> F32, shape = {256}
INFO:hf-to-gguf:blk.12.attn_q.weight,              torch.float16 --> F16, shape = {1152, 1024}
INFO:hf-to-gguf:blk.12.attn_v.weight,              torch.float16 --> F16, shape = {1152, 256}
INFO:hf-to-gguf:blk.13.attn_norm.weight,           torch.float16 --> F32, shape = {1152}
INFO:hf-to-gguf:blk.13.ffn_down.weight,            torch.float16 --> F16, shape = {6912, 1152}
INFO:hf-to-gguf:blk.13.ffn_gate.weight,            torch.float16 --> F16, shape = {1152, 6912}
INFO:hf-to-gguf:blk.13.ffn_up.weight,              torch.float16 --> F16, shape = {1152, 6912}
INFO:hf-to-gguf:blk.13.post_attention_norm.weight, torch.float16 --> F32, shape = {1152}
INFO:hf-to-gguf:blk.13.post_ffw_norm.weight,       torch.float16 --> F32, shape = {1152}
INFO:hf-to-gguf:blk.13.ffn_norm.weight,            torch.float16 --> F32, shape = {1152}
INFO:hf-to-gguf:blk.13.attn_k_norm.weight,         torch.float16 --> F32, shape = {256}
INFO:hf-to-gguf:blk.13.attn_k.weight,              torch.float16 --> F16, shape = {1152, 256}
INFO:hf-to-gguf:blk.13.attn_output.weight,         torch.float16 --> F16, shape = {1024, 1152}
INFO:hf-to-gguf:blk.13.attn_q_norm.weight,         torch.float16 --> F32, shape = {256}
INFO:hf-to-gguf:blk.13.attn_q.weight,              torch.float16 --> F16, shape = {1152, 1024}
INFO:hf-to-gguf:blk.13.attn_v.weight,              torch.float16 --> F16, shape = {1152, 256}
INFO:hf-to-gguf:blk.14.attn_norm.weight,           torch.float16 --> F32, shape = {1152}
INFO:hf-to-gguf:blk.14.ffn_down.weight,            torch.float16 --> F16, shape = {6912, 1152}
INFO:hf-to-gguf:blk.14.ffn_gate.weight,            torch.float16 --> F16, shape = {1152, 6912}
INFO:hf-to-gguf:blk.14.ffn_up.weight,              torch.float16 --> F16, shape = {1152, 6912}
INFO:hf-to-gguf:blk.14.post_attention_norm.weight, torch.float16 --> F32, shape = {1152}
INFO:hf-to-gguf:blk.14.post_ffw_norm.weight,       torch.float16 --> F32, shape = {1152}
INFO:hf-to-gguf:blk.14.ffn_norm.weight,            torch.float16 --> F32, shape = {1152}
INFO:hf-to-gguf:blk.14.attn_k_norm.weight,         torch.float16 --> F32, shape = {256}
INFO:hf-to-gguf:blk.14.attn_k.weight,              torch.float16 --> F16, shape = {1152, 256}
INFO:hf-to-gguf:blk.14.attn_output.weight,         torch.float16 --> F16, shape = {1024, 1152}
INFO:hf-to-gguf:blk.14.attn_q_norm.weight,         torch.float16 --> F32, shape = {256}
INFO:hf-to-gguf:blk.14.attn_q.weight,              torch.float16 --> F16, shape = {1152, 1024}
INFO:hf-to-gguf:blk.14.attn_v.weight,              torch.float16 --> F16, shape = {1152, 256}
INFO:hf-to-gguf:blk.15.attn_norm.weight,           torch.float16 --> F32, shape = {1152}
INFO:hf-to-gguf:blk.15.ffn_down.weight,            torch.float16 --> F16, shape = {6912, 1152}
INFO:hf-to-gguf:blk.15.ffn_gate.weight,            torch.float16 --> F16, shape = {1152, 6912}
INFO:hf-to-gguf:blk.15.ffn_up.weight,              torch.float16 --> F16, shape = {1152, 6912}
INFO:hf-to-gguf:blk.15.post_attention_norm.weight, torch.float16 --> F32, shape = {1152}
INFO:hf-to-gguf:blk.15.post_ffw_norm.weight,       torch.float16 --> F32, shape = {1152}
INFO:hf-to-gguf:blk.15.ffn_norm.weight,            torch.float16 --> F32, shape = {1152}
INFO:hf-to-gguf:blk.15.attn_k_norm.weight,         torch.float16 --> F32, shape = {256}
INFO:hf-to-gguf:blk.15.attn_k.weight,              torch.float16 --> F16, shape = {1152, 256}
INFO:hf-to-gguf:blk.15.attn_output.weight,         torch.float16 --> F16, shape = {1024, 1152}
INFO:hf-to-gguf:blk.15.attn_q_norm.weight,         torch.float16 --> F32, shape = {256}
INFO:hf-to-gguf:blk.15.attn_q.weight,              torch.float16 --> F16, shape = {1152, 1024}
INFO:hf-to-gguf:blk.15.attn_v.weight,              torch.float16 --> F16, shape = {1152, 256}
INFO:hf-to-gguf:blk.16.attn_norm.weight,           torch.float16 --> F32, shape = {1152}
INFO:hf-to-gguf:blk.16.ffn_down.weight,            torch.float16 --> F16, shape = {6912, 1152}
INFO:hf-to-gguf:blk.16.ffn_gate.weight,            torch.float16 --> F16, shape = {1152, 6912}
INFO:hf-to-gguf:blk.16.ffn_up.weight,              torch.float16 --> F16, shape = {1152, 6912}
INFO:hf-to-gguf:blk.16.post_attention_norm.weight, torch.float16 --> F32, shape = {1152}
INFO:hf-to-gguf:blk.16.post_ffw_norm.weight,       torch.float16 --> F32, shape = {1152}
INFO:hf-to-gguf:blk.16.ffn_norm.weight,            torch.float16 --> F32, shape = {1152}
INFO:hf-to-gguf:blk.16.attn_k_norm.weight,         torch.float16 --> F32, shape = {256}
INFO:hf-to-gguf:blk.16.attn_k.weight,              torch.float16 --> F16, shape = {1152, 256}
INFO:hf-to-gguf:blk.16.attn_output.weight,         torch.float16 --> F16, shape = {1024, 1152}
INFO:hf-to-gguf:blk.16.attn_q_norm.weight,         torch.float16 --> F32, shape = {256}
INFO:hf-to-gguf:blk.16.attn_q.weight,              torch.float16 --> F16, shape = {1152, 1024}
INFO:hf-to-gguf:blk.16.attn_v.weight,              torch.float16 --> F16, shape = {1152, 256}
INFO:hf-to-gguf:blk.17.attn_norm.weight,           torch.float16 --> F32, shape = {1152}
INFO:hf-to-gguf:blk.17.ffn_down.weight,            torch.float16 --> F16, shape = {6912, 1152}
INFO:hf-to-gguf:blk.17.ffn_gate.weight,            torch.float16 --> F16, shape = {1152, 6912}
INFO:hf-to-gguf:blk.17.ffn_up.weight,              torch.float16 --> F16, shape = {1152, 6912}
INFO:hf-to-gguf:blk.17.post_attention_norm.weight, torch.float16 --> F32, shape = {1152}
INFO:hf-to-gguf:blk.17.post_ffw_norm.weight,       torch.float16 --> F32, shape = {1152}
INFO:hf-to-gguf:blk.17.ffn_norm.weight,            torch.float16 --> F32, shape = {1152}
INFO:hf-to-gguf:blk.17.attn_k_norm.weight,         torch.float16 --> F32, shape = {256}
INFO:hf-to-gguf:blk.17.attn_k.weight,              torch.float16 --> F16, shape = {1152, 256}
INFO:hf-to-gguf:blk.17.attn_output.weight,         torch.float16 --> F16, shape = {1024, 1152}
INFO:hf-to-gguf:blk.17.attn_q_norm.weight,         torch.float16 --> F32, shape = {256}
INFO:hf-to-gguf:blk.17.attn_q.weight,              torch.float16 --> F16, shape = {1152, 1024}
INFO:hf-to-gguf:blk.17.attn_v.weight,              torch.float16 --> F16, shape = {1152, 256}
INFO:hf-to-gguf:blk.18.attn_norm.weight,           torch.float16 --> F32, shape = {1152}
INFO:hf-to-gguf:blk.18.ffn_down.weight,            torch.float16 --> F16, shape = {6912, 1152}
INFO:hf-to-gguf:blk.18.ffn_gate.weight,            torch.float16 --> F16, shape = {1152, 6912}
INFO:hf-to-gguf:blk.18.ffn_up.weight,              torch.float16 --> F16, shape = {1152, 6912}
INFO:hf-to-gguf:blk.18.post_attention_norm.weight, torch.float16 --> F32, shape = {1152}
INFO:hf-to-gguf:blk.18.post_ffw_norm.weight,       torch.float16 --> F32, shape = {1152}
INFO:hf-to-gguf:blk.18.ffn_norm.weight,            torch.float16 --> F32, shape = {1152}
INFO:hf-to-gguf:blk.18.attn_k_norm.weight,         torch.float16 --> F32, shape = {256}
INFO:hf-to-gguf:blk.18.attn_k.weight,              torch.float16 --> F16, shape = {1152, 256}
INFO:hf-to-gguf:blk.18.attn_output.weight,         torch.float16 --> F16, shape = {1024, 1152}
INFO:hf-to-gguf:blk.18.attn_q_norm.weight,         torch.float16 --> F32, shape = {256}
INFO:hf-to-gguf:blk.18.attn_q.weight,              torch.float16 --> F16, shape = {1152, 1024}
INFO:hf-to-gguf:blk.18.attn_v.weight,              torch.float16 --> F16, shape = {1152, 256}
INFO:hf-to-gguf:blk.19.attn_norm.weight,           torch.float16 --> F32, shape = {1152}
INFO:hf-to-gguf:blk.19.ffn_down.weight,            torch.float16 --> F16, shape = {6912, 1152}
INFO:hf-to-gguf:blk.19.ffn_gate.weight,            torch.float16 --> F16, shape = {1152, 6912}
INFO:hf-to-gguf:blk.19.ffn_up.weight,              torch.float16 --> F16, shape = {1152, 6912}
INFO:hf-to-gguf:blk.19.post_attention_norm.weight, torch.float16 --> F32, shape = {1152}
INFO:hf-to-gguf:blk.19.post_ffw_norm.weight,       torch.float16 --> F32, shape = {1152}
INFO:hf-to-gguf:blk.19.ffn_norm.weight,            torch.float16 --> F32, shape = {1152}
INFO:hf-to-gguf:blk.19.attn_k_norm.weight,         torch.float16 --> F32, shape = {256}
INFO:hf-to-gguf:blk.19.attn_k.weight,              torch.float16 --> F16, shape = {1152, 256}
INFO:hf-to-gguf:blk.19.attn_output.weight,         torch.float16 --> F16, shape = {1024, 1152}
INFO:hf-to-gguf:blk.19.attn_q_norm.weight,         torch.float16 --> F32, shape = {256}
INFO:hf-to-gguf:blk.19.attn_q.weight,              torch.float16 --> F16, shape = {1152, 1024}
INFO:hf-to-gguf:blk.19.attn_v.weight,              torch.float16 --> F16, shape = {1152, 256}
INFO:hf-to-gguf:blk.2.attn_norm.weight,            torch.float16 --> F32, shape = {1152}
INFO:hf-to-gguf:blk.2.ffn_down.weight,             torch.float16 --> F16, shape = {6912, 1152}
INFO:hf-to-gguf:blk.2.ffn_gate.weight,             torch.float16 --> F16, shape = {1152, 6912}
INFO:hf-to-gguf:blk.2.ffn_up.weight,               torch.float16 --> F16, shape = {1152, 6912}
INFO:hf-to-gguf:blk.2.post_attention_norm.weight,  torch.float16 --> F32, shape = {1152}
INFO:hf-to-gguf:blk.2.post_ffw_norm.weight,        torch.float16 --> F32, shape = {1152}
INFO:hf-to-gguf:blk.2.ffn_norm.weight,             torch.float16 --> F32, shape = {1152}
INFO:hf-to-gguf:blk.2.attn_k_norm.weight,          torch.float16 --> F32, shape = {256}
INFO:hf-to-gguf:blk.2.attn_k.weight,               torch.float16 --> F16, shape = {1152, 256}
INFO:hf-to-gguf:blk.2.attn_output.weight,          torch.float16 --> F16, shape = {1024, 1152}
INFO:hf-to-gguf:blk.2.attn_q_norm.weight,          torch.float16 --> F32, shape = {256}
INFO:hf-to-gguf:blk.2.attn_q.weight,               torch.float16 --> F16, shape = {1152, 1024}
INFO:hf-to-gguf:blk.2.attn_v.weight,               torch.float16 --> F16, shape = {1152, 256}
INFO:hf-to-gguf:blk.20.attn_norm.weight,           torch.float16 --> F32, shape = {1152}
INFO:hf-to-gguf:blk.20.ffn_down.weight,            torch.float16 --> F16, shape = {6912, 1152}
INFO:hf-to-gguf:blk.20.ffn_gate.weight,            torch.float16 --> F16, shape = {1152, 6912}
INFO:hf-to-gguf:blk.20.ffn_up.weight,              torch.float16 --> F16, shape = {1152, 6912}
INFO:hf-to-gguf:blk.20.post_attention_norm.weight, torch.float16 --> F32, shape = {1152}
INFO:hf-to-gguf:blk.20.post_ffw_norm.weight,       torch.float16 --> F32, shape = {1152}
INFO:hf-to-gguf:blk.20.ffn_norm.weight,            torch.float16 --> F32, shape = {1152}
INFO:hf-to-gguf:blk.20.attn_k_norm.weight,         torch.float16 --> F32, shape = {256}
INFO:hf-to-gguf:blk.20.attn_k.weight,              torch.float16 --> F16, shape = {1152, 256}
INFO:hf-to-gguf:blk.20.attn_output.weight,         torch.float16 --> F16, shape = {1024, 1152}
INFO:hf-to-gguf:blk.20.attn_q_norm.weight,         torch.float16 --> F32, shape = {256}
INFO:hf-to-gguf:blk.20.attn_q.weight,              torch.float16 --> F16, shape = {1152, 1024}
INFO:hf-to-gguf:blk.20.attn_v.weight,              torch.float16 --> F16, shape = {1152, 256}
INFO:hf-to-gguf:blk.21.attn_norm.weight,           torch.float16 --> F32, shape = {1152}
INFO:hf-to-gguf:blk.21.ffn_down.weight,            torch.float16 --> F16, shape = {6912, 1152}
INFO:hf-to-gguf:blk.21.ffn_gate.weight,            torch.float16 --> F16, shape = {1152, 6912}
INFO:hf-to-gguf:blk.21.ffn_up.weight,              torch.float16 --> F16, shape = {1152, 6912}
INFO:hf-to-gguf:blk.21.post_attention_norm.weight, torch.float16 --> F32, shape = {1152}
INFO:hf-to-gguf:blk.21.post_ffw_norm.weight,       torch.float16 --> F32, shape = {1152}
INFO:hf-to-gguf:blk.21.ffn_norm.weight,            torch.float16 --> F32, shape = {1152}
INFO:hf-to-gguf:blk.21.attn_k_norm.weight,         torch.float16 --> F32, shape = {256}
INFO:hf-to-gguf:blk.21.attn_k.weight,              torch.float16 --> F16, shape = {1152, 256}
INFO:hf-to-gguf:blk.21.attn_output.weight,         torch.float16 --> F16, shape = {1024, 1152}
INFO:hf-to-gguf:blk.21.attn_q_norm.weight,         torch.float16 --> F32, shape = {256}
INFO:hf-to-gguf:blk.21.attn_q.weight,              torch.float16 --> F16, shape = {1152, 1024}
INFO:hf-to-gguf:blk.21.attn_v.weight,              torch.float16 --> F16, shape = {1152, 256}
INFO:hf-to-gguf:blk.22.attn_norm.weight,           torch.float16 --> F32, shape = {1152}
INFO:hf-to-gguf:blk.22.ffn_down.weight,            torch.float16 --> F16, shape = {6912, 1152}
INFO:hf-to-gguf:blk.22.ffn_gate.weight,            torch.float16 --> F16, shape = {1152, 6912}
INFO:hf-to-gguf:blk.22.ffn_up.weight,              torch.float16 --> F16, shape = {1152, 6912}
INFO:hf-to-gguf:blk.22.post_attention_norm.weight, torch.float16 --> F32, shape = {1152}
INFO:hf-to-gguf:blk.22.post_ffw_norm.weight,       torch.float16 --> F32, shape = {1152}
INFO:hf-to-gguf:blk.22.ffn_norm.weight,            torch.float16 --> F32, shape = {1152}
INFO:hf-to-gguf:blk.22.attn_k_norm.weight,         torch.float16 --> F32, shape = {256}
INFO:hf-to-gguf:blk.22.attn_k.weight,              torch.float16 --> F16, shape = {1152, 256}
INFO:hf-to-gguf:blk.22.attn_output.weight,         torch.float16 --> F16, shape = {1024, 1152}
INFO:hf-to-gguf:blk.22.attn_q_norm.weight,         torch.float16 --> F32, shape = {256}
INFO:hf-to-gguf:blk.22.attn_q.weight,              torch.float16 --> F16, shape = {1152, 1024}
INFO:hf-to-gguf:blk.22.attn_v.weight,              torch.float16 --> F16, shape = {1152, 256}
INFO:hf-to-gguf:blk.23.attn_norm.weight,           torch.float16 --> F32, shape = {1152}
INFO:hf-to-gguf:blk.23.ffn_down.weight,            torch.float16 --> F16, shape = {6912, 1152}
INFO:hf-to-gguf:blk.23.ffn_gate.weight,            torch.float16 --> F16, shape = {1152, 6912}
INFO:hf-to-gguf:blk.23.ffn_up.weight,              torch.float16 --> F16, shape = {1152, 6912}
INFO:hf-to-gguf:blk.23.post_attention_norm.weight, torch.float16 --> F32, shape = {1152}
INFO:hf-to-gguf:blk.23.post_ffw_norm.weight,       torch.float16 --> F32, shape = {1152}
INFO:hf-to-gguf:blk.23.ffn_norm.weight,            torch.float16 --> F32, shape = {1152}
INFO:hf-to-gguf:blk.23.attn_k_norm.weight,         torch.float16 --> F32, shape = {256}
INFO:hf-to-gguf:blk.23.attn_k.weight,              torch.float16 --> F16, shape = {1152, 256}
INFO:hf-to-gguf:blk.23.attn_output.weight,         torch.float16 --> F16, shape = {1024, 1152}
INFO:hf-to-gguf:blk.23.attn_q_norm.weight,         torch.float16 --> F32, shape = {256}
INFO:hf-to-gguf:blk.23.attn_q.weight,              torch.float16 --> F16, shape = {1152, 1024}
INFO:hf-to-gguf:blk.23.attn_v.weight,              torch.float16 --> F16, shape = {1152, 256}
INFO:hf-to-gguf:blk.24.attn_norm.weight,           torch.float16 --> F32, shape = {1152}
INFO:hf-to-gguf:blk.24.ffn_down.weight,            torch.float16 --> F16, shape = {6912, 1152}
INFO:hf-to-gguf:blk.24.ffn_gate.weight,            torch.float16 --> F16, shape = {1152, 6912}
INFO:hf-to-gguf:blk.24.ffn_up.weight,              torch.float16 --> F16, shape = {1152, 6912}
INFO:hf-to-gguf:blk.24.post_attention_norm.weight, torch.float16 --> F32, shape = {1152}
INFO:hf-to-gguf:blk.24.post_ffw_norm.weight,       torch.float16 --> F32, shape = {1152}
INFO:hf-to-gguf:blk.24.ffn_norm.weight,            torch.float16 --> F32, shape = {1152}
INFO:hf-to-gguf:blk.24.attn_k_norm.weight,         torch.float16 --> F32, shape = {256}
INFO:hf-to-gguf:blk.24.attn_k.weight,              torch.float16 --> F16, shape = {1152, 256}
INFO:hf-to-gguf:blk.24.attn_output.weight,         torch.float16 --> F16, shape = {1024, 1152}
INFO:hf-to-gguf:blk.24.attn_q_norm.weight,         torch.float16 --> F32, shape = {256}
INFO:hf-to-gguf:blk.24.attn_q.weight,              torch.float16 --> F16, shape = {1152, 1024}
INFO:hf-to-gguf:blk.24.attn_v.weight,              torch.float16 --> F16, shape = {1152, 256}
INFO:hf-to-gguf:blk.25.attn_norm.weight,           torch.float16 --> F32, shape = {1152}
INFO:hf-to-gguf:blk.25.ffn_down.weight,            torch.float16 --> F16, shape = {6912, 1152}
INFO:hf-to-gguf:blk.25.ffn_gate.weight,            torch.float16 --> F16, shape = {1152, 6912}
INFO:hf-to-gguf:blk.25.ffn_up.weight,              torch.float16 --> F16, shape = {1152, 6912}
INFO:hf-to-gguf:blk.25.post_attention_norm.weight, torch.float16 --> F32, shape = {1152}
INFO:hf-to-gguf:blk.25.post_ffw_norm.weight,       torch.float16 --> F32, shape = {1152}
INFO:hf-to-gguf:blk.25.ffn_norm.weight,            torch.float16 --> F32, shape = {1152}
INFO:hf-to-gguf:blk.25.attn_k_norm.weight,         torch.float16 --> F32, shape = {256}
INFO:hf-to-gguf:blk.25.attn_k.weight,              torch.float16 --> F16, shape = {1152, 256}
INFO:hf-to-gguf:blk.25.attn_output.weight,         torch.float16 --> F16, shape = {1024, 1152}
INFO:hf-to-gguf:blk.25.attn_q_norm.weight,         torch.float16 --> F32, shape = {256}
INFO:hf-to-gguf:blk.25.attn_q.weight,              torch.float16 --> F16, shape = {1152, 1024}
INFO:hf-to-gguf:blk.25.attn_v.weight,              torch.float16 --> F16, shape = {1152, 256}
INFO:hf-to-gguf:blk.3.attn_norm.weight,            torch.float16 --> F32, shape = {1152}
INFO:hf-to-gguf:blk.3.ffn_down.weight,             torch.float16 --> F16, shape = {6912, 1152}
INFO:hf-to-gguf:blk.3.ffn_gate.weight,             torch.float16 --> F16, shape = {1152, 6912}
INFO:hf-to-gguf:blk.3.ffn_up.weight,               torch.float16 --> F16, shape = {1152, 6912}
INFO:hf-to-gguf:blk.3.post_attention_norm.weight,  torch.float16 --> F32, shape = {1152}
INFO:hf-to-gguf:blk.3.post_ffw_norm.weight,        torch.float16 --> F32, shape = {1152}
INFO:hf-to-gguf:blk.3.ffn_norm.weight,             torch.float16 --> F32, shape = {1152}
INFO:hf-to-gguf:blk.3.attn_k_norm.weight,          torch.float16 --> F32, shape = {256}
INFO:hf-to-gguf:blk.3.attn_k.weight,               torch.float16 --> F16, shape = {1152, 256}
INFO:hf-to-gguf:blk.3.attn_output.weight,          torch.float16 --> F16, shape = {1024, 1152}
INFO:hf-to-gguf:blk.3.attn_q_norm.weight,          torch.float16 --> F32, shape = {256}
INFO:hf-to-gguf:blk.3.attn_q.weight,               torch.float16 --> F16, shape = {1152, 1024}
INFO:hf-to-gguf:blk.3.attn_v.weight,               torch.float16 --> F16, shape = {1152, 256}
INFO:hf-to-gguf:blk.4.attn_norm.weight,            torch.float16 --> F32, shape = {1152}
INFO:hf-to-gguf:blk.4.ffn_down.weight,             torch.float16 --> F16, shape = {6912, 1152}
INFO:hf-to-gguf:blk.4.ffn_gate.weight,             torch.float16 --> F16, shape = {1152, 6912}
INFO:hf-to-gguf:blk.4.ffn_up.weight,               torch.float16 --> F16, shape = {1152, 6912}
INFO:hf-to-gguf:blk.4.post_attention_norm.weight,  torch.float16 --> F32, shape = {1152}
INFO:hf-to-gguf:blk.4.post_ffw_norm.weight,        torch.float16 --> F32, shape = {1152}
INFO:hf-to-gguf:blk.4.ffn_norm.weight,             torch.float16 --> F32, shape = {1152}
INFO:hf-to-gguf:blk.4.attn_k_norm.weight,          torch.float16 --> F32, shape = {256}
INFO:hf-to-gguf:blk.4.attn_k.weight,               torch.float16 --> F16, shape = {1152, 256}
INFO:hf-to-gguf:blk.4.attn_output.weight,          torch.float16 --> F16, shape = {1024, 1152}
INFO:hf-to-gguf:blk.4.attn_q_norm.weight,          torch.float16 --> F32, shape = {256}
INFO:hf-to-gguf:blk.4.attn_q.weight,               torch.float16 --> F16, shape = {1152, 1024}
INFO:hf-to-gguf:blk.4.attn_v.weight,               torch.float16 --> F16, shape = {1152, 256}
INFO:hf-to-gguf:blk.5.attn_norm.weight,            torch.float16 --> F32, shape = {1152}
INFO:hf-to-gguf:blk.5.ffn_down.weight,             torch.float16 --> F16, shape = {6912, 1152}
INFO:hf-to-gguf:blk.5.ffn_gate.weight,             torch.float16 --> F16, shape = {1152, 6912}
INFO:hf-to-gguf:blk.5.ffn_up.weight,               torch.float16 --> F16, shape = {1152, 6912}
INFO:hf-to-gguf:blk.5.post_attention_norm.weight,  torch.float16 --> F32, shape = {1152}
INFO:hf-to-gguf:blk.5.post_ffw_norm.weight,        torch.float16 --> F32, shape = {1152}
INFO:hf-to-gguf:blk.5.ffn_norm.weight,             torch.float16 --> F32, shape = {1152}
INFO:hf-to-gguf:blk.5.attn_k_norm.weight,          torch.float16 --> F32, shape = {256}
INFO:hf-to-gguf:blk.5.attn_k.weight,               torch.float16 --> F16, shape = {1152, 256}
INFO:hf-to-gguf:blk.5.attn_output.weight,          torch.float16 --> F16, shape = {1024, 1152}
INFO:hf-to-gguf:blk.5.attn_q_norm.weight,          torch.float16 --> F32, shape = {256}
INFO:hf-to-gguf:blk.5.attn_q.weight,               torch.float16 --> F16, shape = {1152, 1024}
INFO:hf-to-gguf:blk.5.attn_v.weight,               torch.float16 --> F16, shape = {1152, 256}
INFO:hf-to-gguf:blk.6.attn_norm.weight,            torch.float16 --> F32, shape = {1152}
INFO:hf-to-gguf:blk.6.ffn_down.weight,             torch.float16 --> F16, shape = {6912, 1152}
INFO:hf-to-gguf:blk.6.ffn_gate.weight,             torch.float16 --> F16, shape = {1152, 6912}
INFO:hf-to-gguf:blk.6.ffn_up.weight,               torch.float16 --> F16, shape = {1152, 6912}
INFO:hf-to-gguf:blk.6.post_attention_norm.weight,  torch.float16 --> F32, shape = {1152}
INFO:hf-to-gguf:blk.6.post_ffw_norm.weight,        torch.float16 --> F32, shape = {1152}
INFO:hf-to-gguf:blk.6.ffn_norm.weight,             torch.float16 --> F32, shape = {1152}
INFO:hf-to-gguf:blk.6.attn_k_norm.weight,          torch.float16 --> F32, shape = {256}
INFO:hf-to-gguf:blk.6.attn_k.weight,               torch.float16 --> F16, shape = {1152, 256}
INFO:hf-to-gguf:blk.6.attn_output.weight,          torch.float16 --> F16, shape = {1024, 1152}
INFO:hf-to-gguf:blk.6.attn_q_norm.weight,          torch.float16 --> F32, shape = {256}
INFO:hf-to-gguf:blk.6.attn_q.weight,               torch.float16 --> F16, shape = {1152, 1024}
INFO:hf-to-gguf:blk.6.attn_v.weight,               torch.float16 --> F16, shape = {1152, 256}
INFO:hf-to-gguf:blk.7.attn_norm.weight,            torch.float16 --> F32, shape = {1152}
INFO:hf-to-gguf:blk.7.ffn_down.weight,             torch.float16 --> F16, shape = {6912, 1152}
INFO:hf-to-gguf:blk.7.ffn_gate.weight,             torch.float16 --> F16, shape = {1152, 6912}
INFO:hf-to-gguf:blk.7.ffn_up.weight,               torch.float16 --> F16, shape = {1152, 6912}
INFO:hf-to-gguf:blk.7.post_attention_norm.weight,  torch.float16 --> F32, shape = {1152}
INFO:hf-to-gguf:blk.7.post_ffw_norm.weight,        torch.float16 --> F32, shape = {1152}
INFO:hf-to-gguf:blk.7.ffn_norm.weight,             torch.float16 --> F32, shape = {1152}
INFO:hf-to-gguf:blk.7.attn_k_norm.weight,          torch.float16 --> F32, shape = {256}
INFO:hf-to-gguf:blk.7.attn_k.weight,               torch.float16 --> F16, shape = {1152, 256}
INFO:hf-to-gguf:blk.7.attn_output.weight,          torch.float16 --> F16, shape = {1024, 1152}
INFO:hf-to-gguf:blk.7.attn_q_norm.weight,          torch.float16 --> F32, shape = {256}
INFO:hf-to-gguf:blk.7.attn_q.weight,               torch.float16 --> F16, shape = {1152, 1024}
INFO:hf-to-gguf:blk.7.attn_v.weight,               torch.float16 --> F16, shape = {1152, 256}
INFO:hf-to-gguf:blk.8.attn_norm.weight,            torch.float16 --> F32, shape = {1152}
INFO:hf-to-gguf:blk.8.ffn_down.weight,             torch.float16 --> F16, shape = {6912, 1152}
INFO:hf-to-gguf:blk.8.ffn_gate.weight,             torch.float16 --> F16, shape = {1152, 6912}
INFO:hf-to-gguf:blk.8.ffn_up.weight,               torch.float16 --> F16, shape = {1152, 6912}
INFO:hf-to-gguf:blk.8.post_attention_norm.weight,  torch.float16 --> F32, shape = {1152}
INFO:hf-to-gguf:blk.8.post_ffw_norm.weight,        torch.float16 --> F32, shape = {1152}
INFO:hf-to-gguf:blk.8.ffn_norm.weight,             torch.float16 --> F32, shape = {1152}
INFO:hf-to-gguf:blk.8.attn_k_norm.weight,          torch.float16 --> F32, shape = {256}
INFO:hf-to-gguf:blk.8.attn_k.weight,               torch.float16 --> F16, shape = {1152, 256}
INFO:hf-to-gguf:blk.8.attn_output.weight,          torch.float16 --> F16, shape = {1024, 1152}
INFO:hf-to-gguf:blk.8.attn_q_norm.weight,          torch.float16 --> F32, shape = {256}
INFO:hf-to-gguf:blk.8.attn_q.weight,               torch.float16 --> F16, shape = {1152, 1024}
INFO:hf-to-gguf:blk.8.attn_v.weight,               torch.float16 --> F16, shape = {1152, 256}
INFO:hf-to-gguf:blk.9.attn_norm.weight,            torch.float16 --> F32, shape = {1152}
INFO:hf-to-gguf:blk.9.ffn_down.weight,             torch.float16 --> F16, shape = {6912, 1152}
INFO:hf-to-gguf:blk.9.ffn_gate.weight,             torch.float16 --> F16, shape = {1152, 6912}
INFO:hf-to-gguf:blk.9.ffn_up.weight,               torch.float16 --> F16, shape = {1152, 6912}
INFO:hf-to-gguf:blk.9.post_attention_norm.weight,  torch.float16 --> F32, shape = {1152}
INFO:hf-to-gguf:blk.9.post_ffw_norm.weight,        torch.float16 --> F32, shape = {1152}
INFO:hf-to-gguf:blk.9.ffn_norm.weight,             torch.float16 --> F32, shape = {1152}
INFO:hf-to-gguf:blk.9.attn_k_norm.weight,          torch.float16 --> F32, shape = {256}
INFO:hf-to-gguf:blk.9.attn_k.weight,               torch.float16 --> F16, shape = {1152, 256}
INFO:hf-to-gguf:blk.9.attn_output.weight,          torch.float16 --> F16, shape = {1024, 1152}
INFO:hf-to-gguf:blk.9.attn_q_norm.weight,          torch.float16 --> F32, shape = {256}
INFO:hf-to-gguf:blk.9.attn_q.weight,               torch.float16 --> F16, shape = {1152, 1024}
INFO:hf-to-gguf:blk.9.attn_v.weight,               torch.float16 --> F16, shape = {1152, 256}
INFO:hf-to-gguf:output_norm.weight,                torch.float16 --> F32, shape = {1152}
INFO:hf-to-gguf:Set meta model
INFO:hf-to-gguf:Set model parameters
INFO:hf-to-gguf:gguf: context length = 32768
INFO:hf-to-gguf:gguf: embedding length = 1152
INFO:hf-to-gguf:gguf: feed forward length = 6912
INFO:hf-to-gguf:gguf: head count = 4
INFO:hf-to-gguf:gguf: key-value head count = 1
WARNING:hf-to-gguf:Unknown RoPE type: default
INFO:hf-to-gguf:gguf: rope scaling type = NONE
INFO:hf-to-gguf:gguf: rope theta = 1000000
INFO:hf-to-gguf:gguf: rope theta swa = 10000
INFO:hf-to-gguf:gguf: rms norm epsilon = 1e-06
INFO:hf-to-gguf:gguf: file type = 1
WARNING:gguf.gguf_writer:Duplicated key name 'gemma3.context_length', overwriting it with new value 32768 of type UINT32
WARNING:gguf.gguf_writer:Duplicated key name 'gemma3.attention.head_count', overwriting it with new value 4 of type UINT32
WARNING:gguf.gguf_writer:Duplicated key name 'gemma3.attention.layer_norm_rms_epsilon', overwriting it with new value 1e-06 of type FLOAT32
WARNING:gguf.gguf_writer:Duplicated key name 'gemma3.attention.key_length', overwriting it with new value 256 of type UINT32
WARNING:gguf.gguf_writer:Duplicated key name 'gemma3.attention.value_length', overwriting it with new value 256 of type UINT32
WARNING:gguf.gguf_writer:Duplicated key name 'gemma3.rope.freq_base', overwriting it with new value 1000000 of type FLOAT32
WARNING:gguf.gguf_writer:Duplicated key name 'gemma3.attention.head_count_kv', overwriting it with new value 1 of type UINT32
INFO:hf-to-gguf:Set model quantization version
INFO:hf-to-gguf:Set model tokenizer
INFO:hf-to-gguf:'▁▁' is encoded and decoded back to '  ' using AutoTokenizer
INFO:hf-to-gguf:'▁▁▁' is encoded and decoded back to '   ' using AutoTokenizer
INFO:hf-to-gguf:'▁▁▁▁' is encoded and decoded back to '    ' using AutoTokenizer
INFO:hf-to-gguf:'▁▁▁▁▁' is encoded and decoded back to '     ' using AutoTokenizer
INFO:hf-to-gguf:'▁▁▁▁▁▁' is encoded and decoded back to '      ' using AutoTokenizer
INFO:hf-to-gguf:'▁▁▁▁▁▁▁' is encoded and decoded back to '       ' using AutoTokenizer
INFO:hf-to-gguf:'▁▁▁▁▁▁▁▁' is encoded and decoded back to '        ' using AutoTokenizer
INFO:hf-to-gguf:'▁▁▁▁▁▁▁▁▁' is encoded and decoded back to '         ' using AutoTokenizer
INFO:hf-to-gguf:'▁▁▁▁▁▁▁▁▁▁' is encoded and decoded back to '          ' using AutoTokenizer
INFO:hf-to-gguf:'▁▁▁▁▁▁▁▁▁▁▁' is encoded and decoded back to '           ' using AutoTokenizer
INFO:hf-to-gguf:'▁▁▁▁▁▁▁▁▁▁▁▁' is encoded and decoded back to '            ' using AutoTokenizer
INFO:hf-to-gguf:'▁▁▁▁▁▁▁▁▁▁▁▁▁' is encoded and decoded back to '             ' using AutoTokenizer
INFO:hf-to-gguf:'▁▁▁▁▁▁▁▁▁▁▁▁▁▁' is encoded and decoded back to '              ' using AutoTokenizer
INFO:hf-to-gguf:'▁▁▁▁▁▁▁▁▁▁▁▁▁▁▁' is encoded and decoded back to '               ' using AutoTokenizer
INFO:hf-to-gguf:'▁▁▁▁▁▁▁▁▁▁▁▁▁▁▁▁' is encoded and decoded back to '                ' using AutoTokenizer
INFO:hf-to-gguf:'▁▁▁▁▁▁▁▁▁▁▁▁▁▁▁▁▁' is encoded and decoded back to '                 ' using AutoTokenizer
INFO:hf-to-gguf:'▁▁▁▁▁▁▁▁▁▁▁▁▁▁▁▁▁▁' is encoded and decoded back to '                  ' using AutoTokenizer
INFO:hf-to-gguf:'▁▁▁▁▁▁▁▁▁▁▁▁▁▁▁▁▁▁▁' is encoded and decoded back to '                   ' using AutoTokenizer
INFO:hf-to-gguf:'▁▁▁▁▁▁▁▁▁▁▁▁▁▁▁▁▁▁▁▁' is encoded and decoded back to '                    ' using AutoTokenizer
INFO:hf-to-gguf:'▁▁▁▁▁▁▁▁▁▁▁▁▁▁▁▁▁▁▁▁▁' is encoded and decoded back to '                     ' using AutoTokenizer
INFO:hf-to-gguf:'▁▁▁▁▁▁▁▁▁▁▁▁▁▁▁▁▁▁▁▁▁▁' is encoded and decoded back to '                      ' using AutoTokenizer
INFO:hf-to-gguf:'▁▁▁▁▁▁▁▁▁▁▁▁▁▁▁▁▁▁▁▁▁▁▁' is encoded and decoded back to '                       ' using AutoTokenizer
INFO:hf-to-gguf:'▁▁▁▁▁▁▁▁▁▁▁▁▁▁▁▁▁▁▁▁▁▁▁▁' is encoded and decoded back to '                        ' using AutoTokenizer
INFO:hf-to-gguf:'▁▁▁▁▁▁▁▁▁▁▁▁▁▁▁▁▁▁▁▁▁▁▁▁▁' is encoded and decoded back to '                         ' using AutoTokenizer
INFO:hf-to-gguf:'▁▁▁▁▁▁▁▁▁▁▁▁▁▁▁▁▁▁▁▁▁▁▁▁▁▁' is encoded and decoded back to '                          ' using AutoTokenizer
INFO:hf-to-gguf:'▁▁▁▁▁▁▁▁▁▁▁▁▁▁▁▁▁▁▁▁▁▁▁▁▁▁▁' is encoded and decoded back to '                           ' using AutoTokenizer
INFO:hf-to-gguf:'▁▁▁▁▁▁▁▁▁▁▁▁▁▁▁▁▁▁▁▁▁▁▁▁▁▁▁▁' is encoded and decoded back to '                            ' using AutoTokenizer
INFO:hf-to-gguf:'▁▁▁▁▁▁▁▁▁▁▁▁▁▁▁▁▁▁▁▁▁▁▁▁▁▁▁▁▁' is encoded and decoded back to '                             ' using AutoTokenizer
INFO:hf-to-gguf:'▁▁▁▁▁▁▁▁▁▁▁▁▁▁▁▁▁▁▁▁▁▁▁▁▁▁▁▁▁▁' is encoded and decoded back to '                              ' using AutoTokenizer
INFO:hf-to-gguf:'▁▁▁▁▁▁▁▁▁▁▁▁▁▁▁▁▁▁▁▁▁▁▁▁▁▁▁▁▁▁▁' is encoded and decoded back to '                               ' using AutoTokenizer
WARNING:gguf.vocab:Unknown separator token '<bos>' in TemplateProcessing<pair>
INFO:gguf.vocab:Adding 514906 merge(s).
INFO:gguf.vocab:Setting special token type bos to 2
INFO:gguf.vocab:Setting special token type eos to 1
INFO:gguf.vocab:Setting special token type unk to 3
INFO:gguf.vocab:Setting special token type pad to 0
INFO:gguf.vocab:Setting special token type mask to 4
INFO:gguf.vocab:Setting add_bos_token to True
INFO:gguf.vocab:Setting add_sep_token to False
INFO:gguf.vocab:Setting chat_template to {{ bos_token }}
{%- if messages[0]['role'] == 'system' -%}
    {%- if messages[0]['content'] is string -%}
        {%- set first_user_prefix = messages[0]['content'] + '

' -%}
    {%- else -%}
        {%- set first_user_prefix = messages[0]['content'][0]['text'] + '

' -%}
    {%- endif -%}
    {%- set loop_messages = messages[1:] -%}
{%- else -%}
    {%- set first_user_prefix = "" -%}
    {%- set loop_messages = messages -%}
{%- endif -%}
{%- for message in loop_messages -%}
    {%- if (message['role'] == 'user') != (loop.index0 % 2 == 0) -%}
        {{ raise_exception("Conversation roles must alternate user/assistant/user/assistant/...") }}
    {%- endif -%}
    {%- if (message['role'] == 'assistant') -%}
        {%- set role = "model" -%}
    {%- else -%}
        {%- set role = message['role'] -%}
    {%- endif -%}
    {{ '<start_of_turn>' + role + '
' + (first_user_prefix if loop.first else "") }}
    {%- if message['content'] is string -%}
        {{ message['content'] | trim }}
    {%- elif message['content'] is iterable -%}
        {%- for item in message['content'] -%}
            {%- if item['type'] == 'image' -%}
                {{ '<start_of_image>' }}
            {%- elif item['type'] == 'text' -%}
                {{ item['text'] | trim }}
            {%- endif -%}
        {%- endfor -%}
    {%- else -%}
        {{ raise_exception("Invalid content type") }}
    {%- endif -%}
    {{ '<end_of_turn>
' }}
{%- endfor -%}
{%- if add_generation_prompt -%}
    {{'<start_of_turn>model
'}}
{%- endif -%}

INFO:gguf.gguf_writer:Writing the following files:
INFO:gguf.gguf_writer:/mnt/nvme2/workspace/projects/parent-assistant/tools/train-intent/models/intent-ne-gemma.f16.gguf: n_tensors = 340, total_size = 2.0G
Writing:   0%|          | 0.00/2.00G [00:00<?, ?byte/s]Writing:  30%|███       | 604M/2.00G [00:01<00:02, 479Mbyte/s]Writing:  36%|███▋      | 727M/2.00G [00:01<00:02, 551Mbyte/s]Writing:  44%|████▍     | 888M/2.00G [00:01<00:01, 684Mbyte/s]Writing:  53%|█████▎    | 1.07G/2.00G [00:01<00:01, 843Mbyte/s]Writing:  62%|██████▏   | 1.24G/2.00G [00:01<00:00, 994Mbyte/s]Writing:  70%|███████   | 1.41G/2.00G [00:01<00:00, 1.13Gbyte/s]Writing:  79%|███████▉  | 1.59G/2.00G [00:01<00:00, 1.26Gbyte/s]Writing:  88%|████████▊ | 1.76G/2.00G [00:01<00:00, 1.37Gbyte/s]Writing:  97%|█████████▋| 1.94G/2.00G [00:02<00:00, 1.46Gbyte/s]Writing: 100%|██████████| 2.00G/2.00G [00:02<00:00, 939Mbyte/s] 
INFO:hf-to-gguf:Model successfully exported to /mnt/nvme2/workspace/projects/parent-assistant/tools/train-intent/models/intent-ne-gemma.f16.gguf
version: 0.4.0-dev (build 1, commit 9e0e220)
built with GNU 13.3.0 for Linux x86_64
llama_quantize: quantizing '/mnt/nvme2/workspace/projects/parent-assistant/tools/train-intent/models/intent-ne-gemma.f16.gguf' to '/mnt/nvme2/workspace/projects/parent-assistant/tools/train-intent/models/intent-ne-gemma-q4_k_m.gguf.tmp' as Q4_K_M
llama_model_loader: loaded meta data with 33 key-value pairs and 340 tensors from /mnt/nvme2/workspace/projects/parent-assistant/tools/train-intent/models/intent-ne-gemma.f16.gguf (version GGUF V3 (latest))
llama_model_loader: Dumping metadata keys/values. Note: KV overrides do not apply in this output.
llama_model_loader: - kv   0:                       general.architecture str              = gemma3
llama_model_loader: - kv   1:                               general.type str              = model
llama_model_loader: - kv   2:                     general.sampling.top_k i32              = 64
llama_model_loader: - kv   3:                     general.sampling.top_p f32              = 0.950000
llama_model_loader: - kv   4:                               general.name str              = Gemma Merged
llama_model_loader: - kv   5:                         general.size_label str              = 1000M
llama_model_loader: - kv   6:                         gemma3.block_count u32              = 26
llama_model_loader: - kv   7:                      gemma3.context_length u32              = 32768
llama_model_loader: - kv   8:                    gemma3.embedding_length u32              = 1152
llama_model_loader: - kv   9:                 gemma3.feed_forward_length u32              = 6912
llama_model_loader: - kv  10:                gemma3.attention.head_count u32              = 4
llama_model_loader: - kv  11:             gemma3.attention.head_count_kv u32              = 1
llama_model_loader: - kv  12:                      gemma3.rope.freq_base f32              = 1000000.000000
llama_model_loader: - kv  13:                  gemma3.rope.freq_base_swa f32              = 10000.000000
llama_model_loader: - kv  14:    gemma3.attention.layer_norm_rms_epsilon f32              = 0.000001
llama_model_loader: - kv  15:                gemma3.attention.key_length u32              = 256
llama_model_loader: - kv  16:              gemma3.attention.value_length u32              = 256
llama_model_loader: - kv  17:                          general.file_type u32              = 1
llama_model_loader: - kv  18:            gemma3.attention.sliding_window u32              = 512
llama_model_loader: - kv  19:               general.quantization_version u32              = 2
llama_model_loader: - kv  20:                       tokenizer.ggml.model str              = gpt2
llama_model_loader: - kv  21:                         tokenizer.ggml.pre str              = granite-embed-multi-311m
llama_model_loader: - kv  22:                      tokenizer.ggml.tokens arr[str,262144]  = ["<pad>", "<eos>", "<bos>", "<unk>", ...
llama_model_loader: - kv  23:                  tokenizer.ggml.token_type arr[i32,262144]  = [3, 3, 3, 3, 3, 4, 3, 3, 3, 3, 3, 3, ...
llama_model_loader: - kv  24:                      tokenizer.ggml.merges arr[str,514906]  = ["\n\n\n\n\n\n\n\n\n\n\n\n\n\n\n\n\n\n\n\n\n\n\n\n\n\n\n\n\n\n \n", ...
llama_model_loader: - kv  25:                tokenizer.ggml.bos_token_id u32              = 2
llama_model_loader: - kv  26:                tokenizer.ggml.eos_token_id u32              = 1
llama_model_loader: - kv  27:            tokenizer.ggml.unknown_token_id u32              = 3
llama_model_loader: - kv  28:            tokenizer.ggml.padding_token_id u32              = 0
llama_model_loader: - kv  29:               tokenizer.ggml.mask_token_id u32              = 4
llama_model_loader: - kv  30:               tokenizer.ggml.add_bos_token bool             = true
llama_model_loader: - kv  31:               tokenizer.ggml.add_sep_token bool             = false
llama_model_loader: - kv  32:                    tokenizer.chat_template str              = {{ bos_token }}\n{%- if messages[0]['r...
llama_model_loader: - type  f32:  157 tensors
llama_model_loader: - type  f16:  183 tensors
warning: blk.0.attn_k.weight                  - ncols   1152 not divisible by 256 (required for type    q4_K) -> falling back to    q5_0
warning: blk.0.attn_q.weight                  - ncols   1152 not divisible by 256 (required for type    q4_K) -> falling back to    q5_0
warning: blk.0.attn_v.weight                  - ncols   1152 not divisible by 256 (required for type    q6_K) -> falling back to    q8_0
warning: blk.0.ffn_gate.weight                - ncols   1152 not divisible by 256 (required for type    q4_K) -> falling back to    q5_0
warning: blk.0.ffn_up.weight                  - ncols   1152 not divisible by 256 (required for type    q4_K) -> falling back to    q5_0
warning: blk.1.attn_k.weight                  - ncols   1152 not divisible by 256 (required for type    q4_K) -> falling back to    q5_0
warning: blk.1.attn_q.weight                  - ncols   1152 not divisible by 256 (required for type    q4_K) -> falling back to    q5_0
warning: blk.1.attn_v.weight                  - ncols   1152 not divisible by 256 (required for type    q6_K) -> falling back to    q8_0
warning: blk.1.ffn_gate.weight                - ncols   1152 not divisible by 256 (required for type    q4_K) -> falling back to    q5_0
warning: blk.1.ffn_up.weight                  - ncols   1152 not divisible by 256 (required for type    q4_K) -> falling back to    q5_0
warning: blk.2.attn_k.weight                  - ncols   1152 not divisible by 256 (required for type    q4_K) -> falling back to    q5_0
warning: blk.2.attn_q.weight                  - ncols   1152 not divisible by 256 (required for type    q4_K) -> falling back to    q5_0
warning: blk.2.attn_v.weight                  - ncols   1152 not divisible by 256 (required for type    q6_K) -> falling back to    q8_0
warning: blk.2.ffn_gate.weight                - ncols   1152 not divisible by 256 (required for type    q4_K) -> falling back to    q5_0
warning: blk.2.ffn_up.weight                  - ncols   1152 not divisible by 256 (required for type    q4_K) -> falling back to    q5_0
warning: blk.3.attn_k.weight                  - ncols   1152 not divisible by 256 (required for type    q4_K) -> falling back to    q5_0
warning: blk.3.attn_q.weight                  - ncols   1152 not divisible by 256 (required for type    q4_K) -> falling back to    q5_0
warning: blk.3.attn_v.weight                  - ncols   1152 not divisible by 256 (required for type    q4_K) -> falling back to    q5_0
warning: blk.3.ffn_gate.weight                - ncols   1152 not divisible by 256 (required for type    q4_K) -> falling back to    q5_0
warning: blk.3.ffn_up.weight                  - ncols   1152 not divisible by 256 (required for type    q4_K) -> falling back to    q5_0
warning: blk.4.attn_k.weight                  - ncols   1152 not divisible by 256 (required for type    q4_K) -> falling back to    q5_0
warning: blk.4.attn_q.weight                  - ncols   1152 not divisible by 256 (required for type    q4_K) -> falling back to    q5_0
warning: blk.4.attn_v.weight                  - ncols   1152 not divisible by 256 (required for type    q4_K) -> falling back to    q5_0
warning: blk.4.ffn_gate.weight                - ncols   1152 not divisible by 256 (required for type    q4_K) -> falling back to    q5_0
warning: blk.4.ffn_up.weight                  - ncols   1152 not divisible by 256 (required for type    q4_K) -> falling back to    q5_0
warning: blk.5.attn_k.weight                  - ncols   1152 not divisible by 256 (required for type    q4_K) -> falling back to    q5_0
warning: blk.5.attn_q.weight                  - ncols   1152 not divisible by 256 (required for type    q4_K) -> falling back to    q5_0
warning: blk.5.attn_v.weight                  - ncols   1152 not divisible by 256 (required for type    q6_K) -> falling back to    q8_0
warning: blk.5.ffn_gate.weight                - ncols   1152 not divisible by 256 (required for type    q4_K) -> falling back to    q5_0
warning: blk.5.ffn_up.weight                  - ncols   1152 not divisible by 256 (required for type    q4_K) -> falling back to    q5_0
warning: blk.6.attn_k.weight                  - ncols   1152 not divisible by 256 (required for type    q4_K) -> falling back to    q5_0
warning: blk.6.attn_q.weight                  - ncols   1152 not divisible by 256 (required for type    q4_K) -> falling back to    q5_0
warning: blk.6.attn_v.weight                  - ncols   1152 not divisible by 256 (required for type    q4_K) -> falling back to    q5_0
warning: blk.6.ffn_gate.weight                - ncols   1152 not divisible by 256 (required for type    q4_K) -> falling back to    q5_0
warning: blk.6.ffn_up.weight                  - ncols   1152 not divisible by 256 (required for type    q4_K) -> falling back to    q5_0
warning: blk.7.attn_k.weight                  - ncols   1152 not divisible by 256 (required for type    q4_K) -> falling back to    q5_0
warning: blk.7.attn_q.weight                  - ncols   1152 not divisible by 256 (required for type    q4_K) -> falling back to    q5_0
warning: blk.7.attn_v.weight                  - ncols   1152 not divisible by 256 (required for type    q4_K) -> falling back to    q5_0
warning: blk.7.ffn_gate.weight                - ncols   1152 not divisible by 256 (required for type    q4_K) -> falling back to    q5_0
warning: blk.7.ffn_up.weight                  - ncols   1152 not divisible by 256 (required for type    q4_K) -> falling back to    q5_0
warning: blk.8.attn_k.weight                  - ncols   1152 not divisible by 256 (required for type    q4_K) -> falling back to    q5_0
warning: blk.8.attn_q.weight                  - ncols   1152 not divisible by 256 (required for type    q4_K) -> falling back to    q5_0
warning: blk.8.attn_v.weight                  - ncols   1152 not divisible by 256 (required for type    q6_K) -> falling back to    q8_0
warning: blk.8.ffn_gate.weight                - ncols   1152 not divisible by 256 (required for type    q4_K) -> falling back to    q5_0
warning: blk.8.ffn_up.weight                  - ncols   1152 not divisible by 256 (required for type    q4_K) -> falling back to    q5_0
warning: blk.9.attn_k.weight                  - ncols   1152 not divisible by 256 (required for type    q4_K) -> falling back to    q5_0
warning: blk.9.attn_q.weight                  - ncols   1152 not divisible by 256 (required for type    q4_K) -> falling back to    q5_0
warning: blk.9.attn_v.weight                  - ncols   1152 not divisible by 256 (required for type    q4_K) -> falling back to    q5_0
warning: blk.9.ffn_gate.weight                - ncols   1152 not divisible by 256 (required for type    q4_K) -> falling back to    q5_0
warning: blk.9.ffn_up.weight                  - ncols   1152 not divisible by 256 (required for type    q4_K) -> falling back to    q5_0
warning: blk.10.attn_k.weight                 - ncols   1152 not divisible by 256 (required for type    q4_K) -> falling back to    q5_0
warning: blk.10.attn_q.weight                 - ncols   1152 not divisible by 256 (required for type    q4_K) -> falling back to    q5_0
warning: blk.10.attn_v.weight                 - ncols   1152 not divisible by 256 (required for type    q4_K) -> falling back to    q5_0
warning: blk.10.ffn_gate.weight               - ncols   1152 not divisible by 256 (required for type    q4_K) -> falling back to    q5_0
warning: blk.10.ffn_up.weight                 - ncols   1152 not divisible by 256 (required for type    q4_K) -> falling back to    q5_0
warning: blk.11.attn_k.weight                 - ncols   1152 not divisible by 256 (required for type    q4_K) -> falling back to    q5_0
warning: blk.11.attn_q.weight                 - ncols   1152 not divisible by 256 (required for type    q4_K) -> falling back to    q5_0
warning: blk.11.attn_v.weight                 - ncols   1152 not divisible by 256 (required for type    q6_K) -> falling back to    q8_0
warning: blk.11.ffn_gate.weight               - ncols   1152 not divisible by 256 (required for type    q4_K) -> falling back to    q5_0
warning: blk.11.ffn_up.weight                 - ncols   1152 not divisible by 256 (required for type    q4_K) -> falling back to    q5_0
warning: blk.12.attn_k.weight                 - ncols   1152 not divisible by 256 (required for type    q4_K) -> falling back to    q5_0
warning: blk.12.attn_q.weight                 - ncols   1152 not divisible by 256 (required for type    q4_K) -> falling back to    q5_0
warning: blk.12.attn_v.weight                 - ncols   1152 not divisible by 256 (required for type    q4_K) -> falling back to    q5_0
warning: blk.12.ffn_gate.weight               - ncols   1152 not divisible by 256 (required for type    q4_K) -> falling back to    q5_0
warning: blk.12.ffn_up.weight                 - ncols   1152 not divisible by 256 (required for type    q4_K) -> falling back to    q5_0
warning: blk.13.attn_k.weight                 - ncols   1152 not divisible by 256 (required for type    q4_K) -> falling back to    q5_0
warning: blk.13.attn_q.weight                 - ncols   1152 not divisible by 256 (required for type    q4_K) -> falling back to    q5_0
warning: blk.13.attn_v.weight                 - ncols   1152 not divisible by 256 (required for type    q4_K) -> falling back to    q5_0
warning: blk.13.ffn_gate.weight               - ncols   1152 not divisible by 256 (required for type    q4_K) -> falling back to    q5_0
warning: blk.13.ffn_up.weight                 - ncols   1152 not divisible by 256 (required for type    q4_K) -> falling back to    q5_0
warning: blk.14.attn_k.weight                 - ncols   1152 not divisible by 256 (required for type    q4_K) -> falling back to    q5_0
warning: blk.14.attn_q.weight                 - ncols   1152 not divisible by 256 (required for type    q4_K) -> falling back to    q5_0
warning: blk.14.attn_v.weight                 - ncols   1152 not divisible by 256 (required for type    q6_K) -> falling back to    q8_0
warning: blk.14.ffn_gate.weight               - ncols   1152 not divisible by 256 (required for type    q4_K) -> falling back to    q5_0
warning: blk.14.ffn_up.weight                 - ncols   1152 not divisible by 256 (required for type    q4_K) -> falling back to    q5_0
warning: blk.15.attn_k.weight                 - ncols   1152 not divisible by 256 (required for type    q4_K) -> falling back to    q5_0
warning: blk.15.attn_q.weight                 - ncols   1152 not divisible by 256 (required for type    q4_K) -> falling back to    q5_0
warning: blk.15.attn_v.weight                 - ncols   1152 not divisible by 256 (required for type    q4_K) -> falling back to    q5_0
warning: blk.15.ffn_gate.weight               - ncols   1152 not divisible by 256 (required for type    q4_K) -> falling back to    q5_0
warning: blk.15.ffn_up.weight                 - ncols   1152 not divisible by 256 (required for type    q4_K) -> falling back to    q5_0
warning: blk.16.attn_k.weight                 - ncols   1152 not divisible by 256 (required for type    q4_K) -> falling back to    q5_0
warning: blk.16.attn_q.weight                 - ncols   1152 not divisible by 256 (required for type    q4_K) -> falling back to    q5_0
warning: blk.16.attn_v.weight                 - ncols   1152 not divisible by 256 (required for type    q4_K) -> falling back to    q5_0
warning: blk.16.ffn_gate.weight               - ncols   1152 not divisible by 256 (required for type    q4_K) -> falling back to    q5_0
warning: blk.16.ffn_up.weight                 - ncols   1152 not divisible by 256 (required for type    q4_K) -> falling back to    q5_0
warning: blk.17.attn_k.weight                 - ncols   1152 not divisible by 256 (required for type    q4_K) -> falling back to    q5_0
warning: blk.17.attn_q.weight                 - ncols   1152 not divisible by 256 (required for type    q4_K) -> falling back to    q5_0
warning: blk.17.attn_v.weight                 - ncols   1152 not divisible by 256 (required for type    q6_K) -> falling back to    q8_0
warning: blk.17.ffn_gate.weight               - ncols   1152 not divisible by 256 (required for type    q4_K) -> falling back to    q5_0
warning: blk.17.ffn_up.weight                 - ncols   1152 not divisible by 256 (required for type    q4_K) -> falling back to    q5_0
warning: blk.18.attn_k.weight                 - ncols   1152 not divisible by 256 (required for type    q4_K) -> falling back to    q5_0
warning: blk.18.attn_q.weight                 - ncols   1152 not divisible by 256 (required for type    q4_K) -> falling back to    q5_0
warning: blk.18.attn_v.weight                 - ncols   1152 not divisible by 256 (required for type    q4_K) -> falling back to    q5_0
warning: blk.18.ffn_gate.weight               - ncols   1152 not divisible by 256 (required for type    q4_K) -> falling back to    q5_0
warning: blk.18.ffn_up.weight                 - ncols   1152 not divisible by 256 (required for type    q4_K) -> falling back to    q5_0
warning: blk.19.attn_k.weight                 - ncols   1152 not divisible by 256 (required for type    q4_K) -> falling back to    q5_0
warning: blk.19.attn_q.weight                 - ncols   1152 not divisible by 256 (required for type    q4_K) -> falling back to    q5_0
warning: blk.19.attn_v.weight                 - ncols   1152 not divisible by 256 (required for type    q4_K) -> falling back to    q5_0
warning: blk.19.ffn_gate.weight               - ncols   1152 not divisible by 256 (required for type    q4_K) -> falling back to    q5_0
warning: blk.19.ffn_up.weight                 - ncols   1152 not divisible by 256 (required for type    q4_K) -> falling back to    q5_0
warning: blk.20.attn_k.weight                 - ncols   1152 not divisible by 256 (required for type    q4_K) -> falling back to    q5_0
warning: blk.20.attn_q.weight                 - ncols   1152 not divisible by 256 (required for type    q4_K) -> falling back to    q5_0
warning: blk.20.attn_v.weight                 - ncols   1152 not divisible by 256 (required for type    q6_K) -> falling back to    q8_0
warning: blk.20.ffn_gate.weight               - ncols   1152 not divisible by 256 (required for type    q4_K) -> falling back to    q5_0
warning: blk.20.ffn_up.weight                 - ncols   1152 not divisible by 256 (required for type    q4_K) -> falling back to    q5_0
warning: blk.21.attn_k.weight                 - ncols   1152 not divisible by 256 (required for type    q4_K) -> falling back to    q5_0
warning: blk.21.attn_q.weight                 - ncols   1152 not divisible by 256 (required for type    q4_K) -> falling back to    q5_0
warning: blk.21.attn_v.weight                 - ncols   1152 not divisible by 256 (required for type    q4_K) -> falling back to    q5_0
warning: blk.21.ffn_gate.weight               - ncols   1152 not divisible by 256 (required for type    q4_K) -> falling back to    q5_0
warning: blk.21.ffn_up.weight                 - ncols   1152 not divisible by 256 (required for type    q4_K) -> falling back to    q5_0
warning: blk.22.attn_k.weight                 - ncols   1152 not divisible by 256 (required for type    q4_K) -> falling back to    q5_0
warning: blk.22.attn_q.weight                 - ncols   1152 not divisible by 256 (required for type    q4_K) -> falling back to    q5_0
warning: blk.22.attn_v.weight                 - ncols   1152 not divisible by 256 (required for type    q6_K) -> falling back to    q8_0
warning: blk.22.ffn_gate.weight               - ncols   1152 not divisible by 256 (required for type    q4_K) -> falling back to    q5_0
warning: blk.22.ffn_up.weight                 - ncols   1152 not divisible by 256 (required for type    q4_K) -> falling back to    q5_0
warning: blk.23.attn_k.weight                 - ncols   1152 not divisible by 256 (required for type    q4_K) -> falling back to    q5_0
warning: blk.23.attn_q.weight                 - ncols   1152 not divisible by 256 (required for type    q4_K) -> falling back to    q5_0
warning: blk.23.attn_v.weight                 - ncols   1152 not divisible by 256 (required for type    q6_K) -> falling back to    q8_0
warning: blk.23.ffn_gate.weight               - ncols   1152 not divisible by 256 (required for type    q4_K) -> falling back to    q5_0
warning: blk.23.ffn_up.weight                 - ncols   1152 not divisible by 256 (required for type    q4_K) -> falling back to    q5_0
warning: blk.24.attn_k.weight                 - ncols   1152 not divisible by 256 (required for type    q4_K) -> falling back to    q5_0
warning: blk.24.attn_q.weight                 - ncols   1152 not divisible by 256 (required for type    q4_K) -> falling back to    q5_0
warning: blk.24.attn_v.weight                 - ncols   1152 not divisible by 256 (required for type    q6_K) -> falling back to    q8_0
warning: blk.24.ffn_gate.weight               - ncols   1152 not divisible by 256 (required for type    q4_K) -> falling back to    q5_0
warning: blk.24.ffn_up.weight                 - ncols   1152 not divisible by 256 (required for type    q4_K) -> falling back to    q5_0
warning: blk.25.attn_k.weight                 - ncols   1152 not divisible by 256 (required for type    q4_K) -> falling back to    q5_0
warning: blk.25.attn_q.weight                 - ncols   1152 not divisible by 256 (required for type    q4_K) -> falling back to    q5_0
warning: blk.25.attn_v.weight                 - ncols   1152 not divisible by 256 (required for type    q6_K) -> falling back to    q8_0
warning: blk.25.ffn_gate.weight               - ncols   1152 not divisible by 256 (required for type    q4_K) -> falling back to    q5_0
warning: blk.25.ffn_up.weight                 - ncols   1152 not divisible by 256 (required for type    q4_K) -> falling back to    q5_0
[   1/ 340] output_norm.weight                   - [  1152,      1,      1,      1], type =    f32, size =    0.004 MiB
[   2/ 340] token_embd.weight                    - [  1152, 262144,      1,      1], type =    f16, converting to q8_0 .. size =   576.00 MiB ->   306.00 MiB
[   3/ 340] blk.0.attn_k.weight                  - [  1152,    256,      1,      1], type =    f16, converting to q5_0 .. size =     0.56 MiB ->     0.19 MiB
[   4/ 340] blk.0.attn_k_norm.weight             - [   256,      1,      1,      1], type =    f32, size =    0.001 MiB
[   5/ 340] blk.0.attn_norm.weight               - [  1152,      1,      1,      1], type =    f32, size =    0.004 MiB
[   6/ 340] blk.0.attn_output.weight             - [  1024,   1152,      1,      1], type =    f16, converting to q4_K .. size =     2.25 MiB ->     0.63 MiB
[   7/ 340] blk.0.attn_q.weight                  - [  1152,   1024,      1,      1], type =    f16, converting to q5_0 .. size =     2.25 MiB ->     0.77 MiB
[   8/ 340] blk.0.attn_q_norm.weight             - [   256,      1,      1,      1], type =    f32, size =    0.001 MiB
[   9/ 340] blk.0.attn_v.weight                  - [  1152,    256,      1,      1], type =    f16, converting to q8_0 .. size =     0.56 MiB ->     0.30 MiB
[  10/ 340] blk.0.ffn_down.weight                - [  6912,   1152,      1,      1], type =    f16, converting to q6_K .. size =    15.19 MiB ->     6.23 MiB
[  11/ 340] blk.0.ffn_gate.weight                - [  1152,   6912,      1,      1], type =    f16, converting to q5_0 .. size =    15.19 MiB ->     5.22 MiB
[  12/ 340] blk.0.ffn_norm.weight                - [  1152,      1,      1,      1], type =    f32, size =    0.004 MiB
[  13/ 340] blk.0.ffn_up.weight                  - [  1152,   6912,      1,      1], type =    f16, converting to q5_0 .. size =    15.19 MiB ->     5.22 MiB
[  14/ 340] blk.0.post_attention_norm.weight     - [  1152,      1,      1,      1], type =    f32, size =    0.004 MiB
[  15/ 340] blk.0.post_ffw_norm.weight           - [  1152,      1,      1,      1], type =    f32, size =    0.004 MiB
[  16/ 340] blk.1.attn_k.weight                  - [  1152,    256,      1,      1], type =    f16, converting to q5_0 .. size =     0.56 MiB ->     0.19 MiB
[  17/ 340] blk.1.attn_k_norm.weight             - [   256,      1,      1,      1], type =    f32, size =    0.001 MiB
[  18/ 340] blk.1.attn_norm.weight               - [  1152,      1,      1,      1], type =    f32, size =    0.004 MiB
[  19/ 340] blk.1.attn_output.weight             - [  1024,   1152,      1,      1], type =    f16, converting to q4_K .. size =     2.25 MiB ->     0.63 MiB
[  20/ 340] blk.1.attn_q.weight                  - [  1152,   1024,      1,      1], type =    f16, converting to q5_0 .. size =     2.25 MiB ->     0.77 MiB
[  21/ 340] blk.1.attn_q_norm.weight             - [   256,      1,      1,      1], type =    f32, size =    0.001 MiB
[  22/ 340] blk.1.attn_v.weight                  - [  1152,    256,      1,      1], type =    f16, converting to q8_0 .. size =     0.56 MiB ->     0.30 MiB
[  23/ 340] blk.1.ffn_down.weight                - [  6912,   1152,      1,      1], type =    f16, converting to q6_K .. size =    15.19 MiB ->     6.23 MiB
[  24/ 340] blk.1.ffn_gate.weight                - [  1152,   6912,      1,      1], type =    f16, converting to q5_0 .. size =    15.19 MiB ->     5.22 MiB
[  25/ 340] blk.1.ffn_norm.weight                - [  1152,      1,      1,      1], type =    f32, size =    0.004 MiB
[  26/ 340] blk.1.ffn_up.weight                  - [  1152,   6912,      1,      1], type =    f16, converting to q5_0 .. size =    15.19 MiB ->     5.22 MiB
[  27/ 340] blk.1.post_attention_norm.weight     - [  1152,      1,      1,      1], type =    f32, size =    0.004 MiB
[  28/ 340] blk.1.post_ffw_norm.weight           - [  1152,      1,      1,      1], type =    f32, size =    0.004 MiB
[  29/ 340] blk.2.attn_k.weight                  - [  1152,    256,      1,      1], type =    f16, converting to q5_0 .. size =     0.56 MiB ->     0.19 MiB
[  30/ 340] blk.2.attn_k_norm.weight             - [   256,      1,      1,      1], type =    f32, size =    0.001 MiB
[  31/ 340] blk.2.attn_norm.weight               - [  1152,      1,      1,      1], type =    f32, size =    0.004 MiB
[  32/ 340] blk.2.attn_output.weight             - [  1024,   1152,      1,      1], type =    f16, converting to q4_K .. size =     2.25 MiB ->     0.63 MiB
[  33/ 340] blk.2.attn_q.weight                  - [  1152,   1024,      1,      1], type =    f16, converting to q5_0 .. size =     2.25 MiB ->     0.77 MiB
[  34/ 340] blk.2.attn_q_norm.weight             - [   256,      1,      1,      1], type =    f32, size =    0.001 MiB
[  35/ 340] blk.2.attn_v.weight                  - [  1152,    256,      1,      1], type =    f16, converting to q8_0 .. size =     0.56 MiB ->     0.30 MiB
[  36/ 340] blk.2.ffn_down.weight                - [  6912,   1152,      1,      1], type =    f16, converting to q6_K .. size =    15.19 MiB ->     6.23 MiB
[  37/ 340] blk.2.ffn_gate.weight                - [  1152,   6912,      1,      1], type =    f16, converting to q5_0 .. size =    15.19 MiB ->     5.22 MiB
[  38/ 340] blk.2.ffn_norm.weight                - [  1152,      1,      1,      1], type =    f32, size =    0.004 MiB
[  39/ 340] blk.2.ffn_up.weight                  - [  1152,   6912,      1,      1], type =    f16, converting to q5_0 .. size =    15.19 MiB ->     5.22 MiB
[  40/ 340] blk.2.post_attention_norm.weight     - [  1152,      1,      1,      1], type =    f32, size =    0.004 MiB
[  41/ 340] blk.2.post_ffw_norm.weight           - [  1152,      1,      1,      1], type =    f32, size =    0.004 MiB
[  42/ 340] blk.3.attn_k.weight                  - [  1152,    256,      1,      1], type =    f16, converting to q5_0 .. size =     0.56 MiB ->     0.19 MiB
[  43/ 340] blk.3.attn_k_norm.weight             - [   256,      1,      1,      1], type =    f32, size =    0.001 MiB
[  44/ 340] blk.3.attn_norm.weight               - [  1152,      1,      1,      1], type =    f32, size =    0.004 MiB
[  45/ 340] blk.3.attn_output.weight             - [  1024,   1152,      1,      1], type =    f16, converting to q4_K .. size =     2.25 MiB ->     0.63 MiB
[  46/ 340] blk.3.attn_q.weight                  - [  1152,   1024,      1,      1], type =    f16, converting to q5_0 .. size =     2.25 MiB ->     0.77 MiB
[  47/ 340] blk.3.attn_q_norm.weight             - [   256,      1,      1,      1], type =    f32, size =    0.001 MiB
[  48/ 340] blk.3.attn_v.weight                  - [  1152,    256,      1,      1], type =    f16, converting to q5_0 .. size =     0.56 MiB ->     0.19 MiB
[  49/ 340] blk.3.ffn_down.weight                - [  6912,   1152,      1,      1], type =    f16, converting to q4_K .. size =    15.19 MiB ->     4.27 MiB
[  50/ 340] blk.3.ffn_gate.weight                - [  1152,   6912,      1,      1], type =    f16, converting to q5_0 .. size =    15.19 MiB ->     5.22 MiB
[  51/ 340] blk.3.ffn_norm.weight                - [  1152,      1,      1,      1], type =    f32, size =    0.004 MiB
[  52/ 340] blk.3.ffn_up.weight                  - [  1152,   6912,      1,      1], type =    f16, converting to q5_0 .. size =    15.19 MiB ->     5.22 MiB
[  53/ 340] blk.3.post_attention_norm.weight     - [  1152,      1,      1,      1], type =    f32, size =    0.004 MiB
[  54/ 340] blk.3.post_ffw_norm.weight           - [  1152,      1,      1,      1], type =    f32, size =    0.004 MiB
[  55/ 340] blk.4.attn_k.weight                  - [  1152,    256,      1,      1], type =    f16, converting to q5_0 .. size =     0.56 MiB ->     0.19 MiB
[  56/ 340] blk.4.attn_k_norm.weight             - [   256,      1,      1,      1], type =    f32, size =    0.001 MiB
[  57/ 340] blk.4.attn_norm.weight               - [  1152,      1,      1,      1], type =    f32, size =    0.004 MiB
[  58/ 340] blk.4.attn_output.weight             - [  1024,   1152,      1,      1], type =    f16, converting to q4_K .. size =     2.25 MiB ->     0.63 MiB
[  59/ 340] blk.4.attn_q.weight                  - [  1152,   1024,      1,      1], type =    f16, converting to q5_0 .. size =     2.25 MiB ->     0.77 MiB
[  60/ 340] blk.4.attn_q_norm.weight             - [   256,      1,      1,      1], type =    f32, size =    0.001 MiB
[  61/ 340] blk.4.attn_v.weight                  - [  1152,    256,      1,      1], type =    f16, converting to q5_0 .. size =     0.56 MiB ->     0.19 MiB
[  62/ 340] blk.4.ffn_down.weight                - [  6912,   1152,      1,      1], type =    f16, converting to q4_K .. size =    15.19 MiB ->     4.27 MiB
[  63/ 340] blk.4.ffn_gate.weight                - [  1152,   6912,      1,      1], type =    f16, converting to q5_0 .. size =    15.19 MiB ->     5.22 MiB
[  64/ 340] blk.4.ffn_norm.weight                - [  1152,      1,      1,      1], type =    f32, size =    0.004 MiB
[  65/ 340] blk.4.ffn_up.weight                  - [  1152,   6912,      1,      1], type =    f16, converting to q5_0 .. size =    15.19 MiB ->     5.22 MiB
[  66/ 340] blk.4.post_attention_norm.weight     - [  1152,      1,      1,      1], type =    f32, size =    0.004 MiB
[  67/ 340] blk.4.post_ffw_norm.weight           - [  1152,      1,      1,      1], type =    f32, size =    0.004 MiB
[  68/ 340] blk.5.attn_k.weight                  - [  1152,    256,      1,      1], type =    f16, converting to q5_0 .. size =     0.56 MiB ->     0.19 MiB
[  69/ 340] blk.5.attn_k_norm.weight             - [   256,      1,      1,      1], type =    f32, size =    0.001 MiB
[  70/ 340] blk.5.attn_norm.weight               - [  1152,      1,      1,      1], type =    f32, size =    0.004 MiB
[  71/ 340] blk.5.attn_output.weight             - [  1024,   1152,      1,      1], type =    f16, converting to q4_K .. size =     2.25 MiB ->     0.63 MiB
[  72/ 340] blk.5.attn_q.weight                  - [  1152,   1024,      1,      1], type =    f16, converting to q5_0 .. size =     2.25 MiB ->     0.77 MiB
[  73/ 340] blk.5.attn_q_norm.weight             - [   256,      1,      1,      1], type =    f32, size =    0.001 MiB
[  74/ 340] blk.5.attn_v.weight                  - [  1152,    256,      1,      1], type =    f16, converting to q8_0 .. size =     0.56 MiB ->     0.30 MiB
[  75/ 340] blk.5.ffn_down.weight                - [  6912,   1152,      1,      1], type =    f16, converting to q6_K .. size =    15.19 MiB ->     6.23 MiB
[  76/ 340] blk.5.ffn_gate.weight                - [  1152,   6912,      1,      1], type =    f16, converting to q5_0 .. size =    15.19 MiB ->     5.22 MiB
[  77/ 340] blk.5.ffn_norm.weight                - [  1152,      1,      1,      1], type =    f32, size =    0.004 MiB
[  78/ 340] blk.5.ffn_up.weight                  - [  1152,   6912,      1,      1], type =    f16, converting to q5_0 .. size =    15.19 MiB ->     5.22 MiB
[  79/ 340] blk.5.post_attention_norm.weight     - [  1152,      1,      1,      1], type =    f32, size =    0.004 MiB
[  80/ 340] blk.5.post_ffw_norm.weight           - [  1152,      1,      1,      1], type =    f32, size =    0.004 MiB
[  81/ 340] blk.6.attn_k.weight                  - [  1152,    256,      1,      1], type =    f16, converting to q5_0 .. size =     0.56 MiB ->     0.19 MiB
[  82/ 340] blk.6.attn_k_norm.weight             - [   256,      1,      1,      1], type =    f32, size =    0.001 MiB
[  83/ 340] blk.6.attn_norm.weight               - [  1152,      1,      1,      1], type =    f32, size =    0.004 MiB
[  84/ 340] blk.6.attn_output.weight             - [  1024,   1152,      1,      1], type =    f16, converting to q4_K .. size =     2.25 MiB ->     0.63 MiB
[  85/ 340] blk.6.attn_q.weight                  - [  1152,   1024,      1,      1], type =    f16, converting to q5_0 .. size =     2.25 MiB ->     0.77 MiB
[  86/ 340] blk.6.attn_q_norm.weight             - [   256,      1,      1,      1], type =    f32, size =    0.001 MiB
[  87/ 340] blk.6.attn_v.weight                  - [  1152,    256,      1,      1], type =    f16, converting to q5_0 .. size =     0.56 MiB ->     0.19 MiB
[  88/ 340] blk.6.ffn_down.weight                - [  6912,   1152,      1,      1], type =    f16, converting to q4_K .. size =    15.19 MiB ->     4.27 MiB
[  89/ 340] blk.6.ffn_gate.weight                - [  1152,   6912,      1,      1], type =    f16, converting to q5_0 .. size =    15.19 MiB ->     5.22 MiB
[  90/ 340] blk.6.ffn_norm.weight                - [  1152,      1,      1,      1], type =    f32, size =    0.004 MiB
[  91/ 340] blk.6.ffn_up.weight                  - [  1152,   6912,      1,      1], type =    f16, converting to q5_0 .. size =    15.19 MiB ->     5.22 MiB
[  92/ 340] blk.6.post_attention_norm.weight     - [  1152,      1,      1,      1], type =    f32, size =    0.004 MiB
[  93/ 340] blk.6.post_ffw_norm.weight           - [  1152,      1,      1,      1], type =    f32, size =    0.004 MiB
[  94/ 340] blk.7.attn_k.weight                  - [  1152,    256,      1,      1], type =    f16, converting to q5_0 .. size =     0.56 MiB ->     0.19 MiB
[  95/ 340] blk.7.attn_k_norm.weight             - [   256,      1,      1,      1], type =    f32, size =    0.001 MiB
[  96/ 340] blk.7.attn_norm.weight               - [  1152,      1,      1,      1], type =    f32, size =    0.004 MiB
[  97/ 340] blk.7.attn_output.weight             - [  1024,   1152,      1,      1], type =    f16, converting to q4_K .. size =     2.25 MiB ->     0.63 MiB
[  98/ 340] blk.7.attn_q.weight                  - [  1152,   1024,      1,      1], type =    f16, converting to q5_0 .. size =     2.25 MiB ->     0.77 MiB
[  99/ 340] blk.7.attn_q_norm.weight             - [   256,      1,      1,      1], type =    f32, size =    0.001 MiB
[ 100/ 340] blk.7.attn_v.weight                  - [  1152,    256,      1,      1], type =    f16, converting to q5_0 .. size =     0.56 MiB ->     0.19 MiB
[ 101/ 340] blk.7.ffn_down.weight                - [  6912,   1152,      1,      1], type =    f16, converting to q4_K .. size =    15.19 MiB ->     4.27 MiB
[ 102/ 340] blk.7.ffn_gate.weight                - [  1152,   6912,      1,      1], type =    f16, converting to q5_0 .. size =    15.19 MiB ->     5.22 MiB
[ 103/ 340] blk.7.ffn_norm.weight                - [  1152,      1,      1,      1], type =    f32, size =    0.004 MiB
[ 104/ 340] blk.7.ffn_up.weight                  - [  1152,   6912,      1,      1], type =    f16, converting to q5_0 .. size =    15.19 MiB ->     5.22 MiB
[ 105/ 340] blk.7.post_attention_norm.weight     - [  1152,      1,      1,      1], type =    f32, size =    0.004 MiB
[ 106/ 340] blk.7.post_ffw_norm.weight           - [  1152,      1,      1,      1], type =    f32, size =    0.004 MiB
[ 107/ 340] blk.8.attn_k.weight                  - [  1152,    256,      1,      1], type =    f16, converting to q5_0 .. size =     0.56 MiB ->     0.19 MiB
[ 108/ 340] blk.8.attn_k_norm.weight             - [   256,      1,      1,      1], type =    f32, size =    0.001 MiB
[ 109/ 340] blk.8.attn_norm.weight               - [  1152,      1,      1,      1], type =    f32, size =    0.004 MiB
[ 110/ 340] blk.8.attn_output.weight             - [  1024,   1152,      1,      1], type =    f16, converting to q4_K .. size =     2.25 MiB ->     0.63 MiB
[ 111/ 340] blk.8.attn_q.weight                  - [  1152,   1024,      1,      1], type =    f16, converting to q5_0 .. size =     2.25 MiB ->     0.77 MiB
[ 112/ 340] blk.8.attn_q_norm.weight             - [   256,      1,      1,      1], type =    f32, size =    0.001 MiB
[ 113/ 340] blk.8.attn_v.weight                  - [  1152,    256,      1,      1], type =    f16, converting to q8_0 .. size =     0.56 MiB ->     0.30 MiB
[ 114/ 340] blk.8.ffn_down.weight                - [  6912,   1152,      1,      1], type =    f16, converting to q6_K .. size =    15.19 MiB ->     6.23 MiB
[ 115/ 340] blk.8.ffn_gate.weight                - [  1152,   6912,      1,      1], type =    f16, converting to q5_0 .. size =    15.19 MiB ->     5.22 MiB
[ 116/ 340] blk.8.ffn_norm.weight                - [  1152,      1,      1,      1], type =    f32, size =    0.004 MiB
[ 117/ 340] blk.8.ffn_up.weight                  - [  1152,   6912,      1,      1], type =    f16, converting to q5_0 .. size =    15.19 MiB ->     5.22 MiB
[ 118/ 340] blk.8.post_attention_norm.weight     - [  1152,      1,      1,      1], type =    f32, size =    0.004 MiB
[ 119/ 340] blk.8.post_ffw_norm.weight           - [  1152,      1,      1,      1], type =    f32, size =    0.004 MiB
[ 120/ 340] blk.9.attn_k.weight                  - [  1152,    256,      1,      1], type =    f16, converting to q5_0 .. size =     0.56 MiB ->     0.19 MiB
[ 121/ 340] blk.9.attn_k_norm.weight             - [   256,      1,      1,      1], type =    f32, size =    0.001 MiB
[ 122/ 340] blk.9.attn_norm.weight               - [  1152,      1,      1,      1], type =    f32, size =    0.004 MiB
[ 123/ 340] blk.9.attn_output.weight             - [  1024,   1152,      1,      1], type =    f16, converting to q4_K .. size =     2.25 MiB ->     0.63 MiB
[ 124/ 340] blk.9.attn_q.weight                  - [  1152,   1024,      1,      1], type =    f16, converting to q5_0 .. size =     2.25 MiB ->     0.77 MiB
[ 125/ 340] blk.9.attn_q_norm.weight             - [   256,      1,      1,      1], type =    f32, size =    0.001 MiB
[ 126/ 340] blk.9.attn_v.weight                  - [  1152,    256,      1,      1], type =    f16, converting to q5_0 .. size =     0.56 MiB ->     0.19 MiB
[ 127/ 340] blk.9.ffn_down.weight                - [  6912,   1152,      1,      1], type =    f16, converting to q4_K .. size =    15.19 MiB ->     4.27 MiB
[ 128/ 340] blk.9.ffn_gate.weight                - [  1152,   6912,      1,      1], type =    f16, converting to q5_0 .. size =    15.19 MiB ->     5.22 MiB
[ 129/ 340] blk.9.ffn_norm.weight                - [  1152,      1,      1,      1], type =    f32, size =    0.004 MiB
[ 130/ 340] blk.9.ffn_up.weight                  - [  1152,   6912,      1,      1], type =    f16, converting to q5_0 .. size =    15.19 MiB ->     5.22 MiB
[ 131/ 340] blk.9.post_attention_norm.weight     - [  1152,      1,      1,      1], type =    f32, size =    0.004 MiB
[ 132/ 340] blk.9.post_ffw_norm.weight           - [  1152,      1,      1,      1], type =    f32, size =    0.004 MiB
[ 133/ 340] blk.10.attn_k.weight                 - [  1152,    256,      1,      1], type =    f16, converting to q5_0 .. size =     0.56 MiB ->     0.19 MiB
[ 134/ 340] blk.10.attn_k_norm.weight            - [   256,      1,      1,      1], type =    f32, size =    0.001 MiB
[ 135/ 340] blk.10.attn_norm.weight              - [  1152,      1,      1,      1], type =    f32, size =    0.004 MiB
[ 136/ 340] blk.10.attn_output.weight            - [  1024,   1152,      1,      1], type =    f16, converting to q4_K .. size =     2.25 MiB ->     0.63 MiB
[ 137/ 340] blk.10.attn_q.weight                 - [  1152,   1024,      1,      1], type =    f16, converting to q5_0 .. size =     2.25 MiB ->     0.77 MiB
[ 138/ 340] blk.10.attn_q_norm.weight            - [   256,      1,      1,      1], type =    f32, size =    0.001 MiB
[ 139/ 340] blk.10.attn_v.weight                 - [  1152,    256,      1,      1], type =    f16, converting to q5_0 .. size =     0.56 MiB ->     0.19 MiB
[ 140/ 340] blk.10.ffn_down.weight               - [  6912,   1152,      1,      1], type =    f16, converting to q4_K .. size =    15.19 MiB ->     4.27 MiB
[ 141/ 340] blk.10.ffn_gate.weight               - [  1152,   6912,      1,      1], type =    f16, converting to q5_0 .. size =    15.19 MiB ->     5.22 MiB
[ 142/ 340] blk.10.ffn_norm.weight               - [  1152,      1,      1,      1], type =    f32, size =    0.004 MiB
[ 143/ 340] blk.10.ffn_up.weight                 - [  1152,   6912,      1,      1], type =    f16, converting to q5_0 .. size =    15.19 MiB ->     5.22 MiB
[ 144/ 340] blk.10.post_attention_norm.weight    - [  1152,      1,      1,      1], type =    f32, size =    0.004 MiB
[ 145/ 340] blk.10.post_ffw_norm.weight          - [  1152,      1,      1,      1], type =    f32, size =    0.004 MiB
[ 146/ 340] blk.11.attn_k.weight                 - [  1152,    256,      1,      1], type =    f16, converting to q5_0 .. size =     0.56 MiB ->     0.19 MiB
[ 147/ 340] blk.11.attn_k_norm.weight            - [   256,      1,      1,      1], type =    f32, size =    0.001 MiB
[ 148/ 340] blk.11.attn_norm.weight              - [  1152,      1,      1,      1], type =    f32, size =    0.004 MiB
[ 149/ 340] blk.11.attn_output.weight            - [  1024,   1152,      1,      1], type =    f16, converting to q4_K .. size =     2.25 MiB ->     0.63 MiB
[ 150/ 340] blk.11.attn_q.weight                 - [  1152,   1024,      1,      1], type =    f16, converting to q5_0 .. size =     2.25 MiB ->     0.77 MiB
[ 151/ 340] blk.11.attn_q_norm.weight            - [   256,      1,      1,      1], type =    f32, size =    0.001 MiB
[ 152/ 340] blk.11.attn_v.weight                 - [  1152,    256,      1,      1], type =    f16, converting to q8_0 .. size =     0.56 MiB ->     0.30 MiB
[ 153/ 340] blk.11.ffn_down.weight               - [  6912,   1152,      1,      1], type =    f16, converting to q6_K .. size =    15.19 MiB ->     6.23 MiB
[ 154/ 340] blk.11.ffn_gate.weight               - [  1152,   6912,      1,      1], type =    f16, converting to q5_0 .. size =    15.19 MiB ->     5.22 MiB
[ 155/ 340] blk.11.ffn_norm.weight               - [  1152,      1,      1,      1], type =    f32, size =    0.004 MiB
[ 156/ 340] blk.11.ffn_up.weight                 - [  1152,   6912,      1,      1], type =    f16, converting to q5_0 .. size =    15.19 MiB ->     5.22 MiB
[ 157/ 340] blk.11.post_attention_norm.weight    - [  1152,      1,      1,      1], type =    f32, size =    0.004 MiB
[ 158/ 340] blk.11.post_ffw_norm.weight          - [  1152,      1,      1,      1], type =    f32, size =    0.004 MiB
[ 159/ 340] blk.12.attn_k.weight                 - [  1152,    256,      1,      1], type =    f16, converting to q5_0 .. size =     0.56 MiB ->     0.19 MiB
[ 160/ 340] blk.12.attn_k_norm.weight            - [   256,      1,      1,      1], type =    f32, size =    0.001 MiB
[ 161/ 340] blk.12.attn_norm.weight              - [  1152,      1,      1,      1], type =    f32, size =    0.004 MiB
[ 162/ 340] blk.12.attn_output.weight            - [  1024,   1152,      1,      1], type =    f16, converting to q4_K .. size =     2.25 MiB ->     0.63 MiB
[ 163/ 340] blk.12.attn_q.weight                 - [  1152,   1024,      1,      1], type =    f16, converting to q5_0 .. size =     2.25 MiB ->     0.77 MiB
[ 164/ 340] blk.12.attn_q_norm.weight            - [   256,      1,      1,      1], type =    f32, size =    0.001 MiB
[ 165/ 340] blk.12.attn_v.weight                 - [  1152,    256,      1,      1], type =    f16, converting to q5_0 .. size =     0.56 MiB ->     0.19 MiB
[ 166/ 340] blk.12.ffn_down.weight               - [  6912,   1152,      1,      1], type =    f16, converting to q4_K .. size =    15.19 MiB ->     4.27 MiB
[ 167/ 340] blk.12.ffn_gate.weight               - [  1152,   6912,      1,      1], type =    f16, converting to q5_0 .. size =    15.19 MiB ->     5.22 MiB
[ 168/ 340] blk.12.ffn_norm.weight               - [  1152,      1,      1,      1], type =    f32, size =    0.004 MiB
[ 169/ 340] blk.12.ffn_up.weight                 - [  1152,   6912,      1,      1], type =    f16, converting to q5_0 .. size =    15.19 MiB ->     5.22 MiB
[ 170/ 340] blk.12.post_attention_norm.weight    - [  1152,      1,      1,      1], type =    f32, size =    0.004 MiB
[ 171/ 340] blk.12.post_ffw_norm.weight          - [  1152,      1,      1,      1], type =    f32, size =    0.004 MiB
[ 172/ 340] blk.13.attn_k.weight                 - [  1152,    256,      1,      1], type =    f16, converting to q5_0 .. size =     0.56 MiB ->     0.19 MiB
[ 173/ 340] blk.13.attn_k_norm.weight            - [   256,      1,      1,      1], type =    f32, size =    0.001 MiB
[ 174/ 340] blk.13.attn_norm.weight              - [  1152,      1,      1,      1], type =    f32, size =    0.004 MiB
[ 175/ 340] blk.13.attn_output.weight            - [  1024,   1152,      1,      1], type =    f16, converting to q4_K .. size =     2.25 MiB ->     0.63 MiB
[ 176/ 340] blk.13.attn_q.weight                 - [  1152,   1024,      1,      1], type =    f16, converting to q5_0 .. size =     2.25 MiB ->     0.77 MiB
[ 177/ 340] blk.13.attn_q_norm.weight            - [   256,      1,      1,      1], type =    f32, size =    0.001 MiB
[ 178/ 340] blk.13.attn_v.weight                 - [  1152,    256,      1,      1], type =    f16, converting to q5_0 .. size =     0.56 MiB ->     0.19 MiB
[ 179/ 340] blk.13.ffn_down.weight               - [  6912,   1152,      1,      1], type =    f16, converting to q4_K .. size =    15.19 MiB ->     4.27 MiB
[ 180/ 340] blk.13.ffn_gate.weight               - [  1152,   6912,      1,      1], type =    f16, converting to q5_0 .. size =    15.19 MiB ->     5.22 MiB
[ 181/ 340] blk.13.ffn_norm.weight               - [  1152,      1,      1,      1], type =    f32, size =    0.004 MiB
[ 182/ 340] blk.13.ffn_up.weight                 - [  1152,   6912,      1,      1], type =    f16, converting to q5_0 .. size =    15.19 MiB ->     5.22 MiB
[ 183/ 340] blk.13.post_attention_norm.weight    - [  1152,      1,      1,      1], type =    f32, size =    0.004 MiB
[ 184/ 340] blk.13.post_ffw_norm.weight          - [  1152,      1,      1,      1], type =    f32, size =    0.004 MiB
[ 185/ 340] blk.14.attn_k.weight                 - [  1152,    256,      1,      1], type =    f16, converting to q5_0 .. size =     0.56 MiB ->     0.19 MiB
[ 186/ 340] blk.14.attn_k_norm.weight            - [   256,      1,      1,      1], type =    f32, size =    0.001 MiB
[ 187/ 340] blk.14.attn_norm.weight              - [  1152,      1,      1,      1], type =    f32, size =    0.004 MiB
[ 188/ 340] blk.14.attn_output.weight            - [  1024,   1152,      1,      1], type =    f16, converting to q4_K .. size =     2.25 MiB ->     0.63 MiB
[ 189/ 340] blk.14.attn_q.weight                 - [  1152,   1024,      1,      1], type =    f16, converting to q5_0 .. size =     2.25 MiB ->     0.77 MiB
[ 190/ 340] blk.14.attn_q_norm.weight            - [   256,      1,      1,      1], type =    f32, size =    0.001 MiB
[ 191/ 340] blk.14.attn_v.weight                 - [  1152,    256,      1,      1], type =    f16, converting to q8_0 .. size =     0.56 MiB ->     0.30 MiB
[ 192/ 340] blk.14.ffn_down.weight               - [  6912,   1152,      1,      1], type =    f16, converting to q6_K .. size =    15.19 MiB ->     6.23 MiB
[ 193/ 340] blk.14.ffn_gate.weight               - [  1152,   6912,      1,      1], type =    f16, converting to q5_0 .. size =    15.19 MiB ->     5.22 MiB
[ 194/ 340] blk.14.ffn_norm.weight               - [  1152,      1,      1,      1], type =    f32, size =    0.004 MiB
[ 195/ 340] blk.14.ffn_up.weight                 - [  1152,   6912,      1,      1], type =    f16, converting to q5_0 .. size =    15.19 MiB ->     5.22 MiB
[ 196/ 340] blk.14.post_attention_norm.weight    - [  1152,      1,      1,      1], type =    f32, size =    0.004 MiB
[ 197/ 340] blk.14.post_ffw_norm.weight          - [  1152,      1,      1,      1], type =    f32, size =    0.004 MiB
[ 198/ 340] blk.15.attn_k.weight                 - [  1152,    256,      1,      1], type =    f16, converting to q5_0 .. size =     0.56 MiB ->     0.19 MiB
[ 199/ 340] blk.15.attn_k_norm.weight            - [   256,      1,      1,      1], type =    f32, size =    0.001 MiB
[ 200/ 340] blk.15.attn_norm.weight              - [  1152,      1,      1,      1], type =    f32, size =    0.004 MiB
[ 201/ 340] blk.15.attn_output.weight            - [  1024,   1152,      1,      1], type =    f16, converting to q4_K .. size =     2.25 MiB ->     0.63 MiB
[ 202/ 340] blk.15.attn_q.weight                 - [  1152,   1024,      1,      1], type =    f16, converting to q5_0 .. size =     2.25 MiB ->     0.77 MiB
[ 203/ 340] blk.15.attn_q_norm.weight            - [   256,      1,      1,      1], type =    f32, size =    0.001 MiB
[ 204/ 340] blk.15.attn_v.weight                 - [  1152,    256,      1,      1], type =    f16, converting to q5_0 .. size =     0.56 MiB ->     0.19 MiB
[ 205/ 340] blk.15.ffn_down.weight               - [  6912,   1152,      1,      1], type =    f16, converting to q4_K .. size =    15.19 MiB ->     4.27 MiB
[ 206/ 340] blk.15.ffn_gate.weight               - [  1152,   6912,      1,      1], type =    f16, converting to q5_0 .. size =    15.19 MiB ->     5.22 MiB
[ 207/ 340] blk.15.ffn_norm.weight               - [  1152,      1,      1,      1], type =    f32, size =    0.004 MiB
[ 208/ 340] blk.15.ffn_up.weight                 - [  1152,   6912,      1,      1], type =    f16, converting to q5_0 .. size =    15.19 MiB ->     5.22 MiB
[ 209/ 340] blk.15.post_attention_norm.weight    - [  1152,      1,      1,      1], type =    f32, size =    0.004 MiB
[ 210/ 340] blk.15.post_ffw_norm.weight          - [  1152,      1,      1,      1], type =    f32, size =    0.004 MiB
[ 211/ 340] blk.16.attn_k.weight                 - [  1152,    256,      1,      1], type =    f16, converting to q5_0 .. size =     0.56 MiB ->     0.19 MiB
[ 212/ 340] blk.16.attn_k_norm.weight            - [   256,      1,      1,      1], type =    f32, size =    0.001 MiB
[ 213/ 340] blk.16.attn_norm.weight              - [  1152,      1,      1,      1], type =    f32, size =    0.004 MiB
[ 214/ 340] blk.16.attn_output.weight            - [  1024,   1152,      1,      1], type =    f16, converting to q4_K .. size =     2.25 MiB ->     0.63 MiB
[ 215/ 340] blk.16.attn_q.weight                 - [  1152,   1024,      1,      1], type =    f16, converting to q5_0 .. size =     2.25 MiB ->     0.77 MiB
[ 216/ 340] blk.16.attn_q_norm.weight            - [   256,      1,      1,      1], type =    f32, size =    0.001 MiB
[ 217/ 340] blk.16.attn_v.weight                 - [  1152,    256,      1,      1], type =    f16, converting to q5_0 .. size =     0.56 MiB ->     0.19 MiB
[ 218/ 340] blk.16.ffn_down.weight               - [  6912,   1152,      1,      1], type =    f16, converting to q4_K .. size =    15.19 MiB ->     4.27 MiB
[ 219/ 340] blk.16.ffn_gate.weight               - [  1152,   6912,      1,      1], type =    f16, converting to q5_0 .. size =    15.19 MiB ->     5.22 MiB
[ 220/ 340] blk.16.ffn_norm.weight               - [  1152,      1,      1,      1], type =    f32, size =    0.004 MiB
[ 221/ 340] blk.16.ffn_up.weight                 - [  1152,   6912,      1,      1], type =    f16, converting to q5_0 .. size =    15.19 MiB ->     5.22 MiB
[ 222/ 340] blk.16.post_attention_norm.weight    - [  1152,      1,      1,      1], type =    f32, size =    0.004 MiB
[ 223/ 340] blk.16.post_ffw_norm.weight          - [  1152,      1,      1,      1], type =    f32, size =    0.004 MiB
[ 224/ 340] blk.17.attn_k.weight                 - [  1152,    256,      1,      1], type =    f16, converting to q5_0 .. size =     0.56 MiB ->     0.19 MiB
[ 225/ 340] blk.17.attn_k_norm.weight            - [   256,      1,      1,      1], type =    f32, size =    0.001 MiB
[ 226/ 340] blk.17.attn_norm.weight              - [  1152,      1,      1,      1], type =    f32, size =    0.004 MiB
[ 227/ 340] blk.17.attn_output.weight            - [  1024,   1152,      1,      1], type =    f16, converting to q4_K .. size =     2.25 MiB ->     0.63 MiB
[ 228/ 340] blk.17.attn_q.weight                 - [  1152,   1024,      1,      1], type =    f16, converting to q5_0 .. size =     2.25 MiB ->     0.77 MiB
[ 229/ 340] blk.17.attn_q_norm.weight            - [   256,      1,      1,      1], type =    f32, size =    0.001 MiB
[ 230/ 340] blk.17.attn_v.weight                 - [  1152,    256,      1,      1], type =    f16, converting to q8_0 .. size =     0.56 MiB ->     0.30 MiB
[ 231/ 340] blk.17.ffn_down.weight               - [  6912,   1152,      1,      1], type =    f16, converting to q6_K .. size =    15.19 MiB ->     6.23 MiB
[ 232/ 340] blk.17.ffn_gate.weight               - [  1152,   6912,      1,      1], type =    f16, converting to q5_0 .. size =    15.19 MiB ->     5.22 MiB
[ 233/ 340] blk.17.ffn_norm.weight               - [  1152,      1,      1,      1], type =    f32, size =    0.004 MiB
[ 234/ 340] blk.17.ffn_up.weight                 - [  1152,   6912,      1,      1], type =    f16, converting to q5_0 .. size =    15.19 MiB ->     5.22 MiB
[ 235/ 340] blk.17.post_attention_norm.weight    - [  1152,      1,      1,      1], type =    f32, size =    0.004 MiB
[ 236/ 340] blk.17.post_ffw_norm.weight          - [  1152,      1,      1,      1], type =    f32, size =    0.004 MiB
[ 237/ 340] blk.18.attn_k.weight                 - [  1152,    256,      1,      1], type =    f16, converting to q5_0 .. size =     0.56 MiB ->     0.19 MiB
[ 238/ 340] blk.18.attn_k_norm.weight            - [   256,      1,      1,      1], type =    f32, size =    0.001 MiB
[ 239/ 340] blk.18.attn_norm.weight              - [  1152,      1,      1,      1], type =    f32, size =    0.004 MiB
[ 240/ 340] blk.18.attn_output.weight            - [  1024,   1152,      1,      1], type =    f16, converting to q4_K .. size =     2.25 MiB ->     0.63 MiB
[ 241/ 340] blk.18.attn_q.weight                 - [  1152,   1024,      1,      1], type =    f16, converting to q5_0 .. size =     2.25 MiB ->     0.77 MiB
[ 242/ 340] blk.18.attn_q_norm.weight            - [   256,      1,      1,      1], type =    f32, size =    0.001 MiB
[ 243/ 340] blk.18.attn_v.weight                 - [  1152,    256,      1,      1], type =    f16, converting to q5_0 .. size =     0.56 MiB ->     0.19 MiB
[ 244/ 340] blk.18.ffn_down.weight               - [  6912,   1152,      1,      1], type =    f16, converting to q4_K .. size =    15.19 MiB ->     4.27 MiB
[ 245/ 340] blk.18.ffn_gate.weight               - [  1152,   6912,      1,      1], type =    f16, converting to q5_0 .. size =    15.19 MiB ->     5.22 MiB
[ 246/ 340] blk.18.ffn_norm.weight               - [  1152,      1,      1,      1], type =    f32, size =    0.004 MiB
[ 247/ 340] blk.18.ffn_up.weight                 - [  1152,   6912,      1,      1], type =    f16, converting to q5_0 .. size =    15.19 MiB ->     5.22 MiB
[ 248/ 340] blk.18.post_attention_norm.weight    - [  1152,      1,      1,      1], type =    f32, size =    0.004 MiB
[ 249/ 340] blk.18.post_ffw_norm.weight          - [  1152,      1,      1,      1], type =    f32, size =    0.004 MiB
[ 250/ 340] blk.19.attn_k.weight                 - [  1152,    256,      1,      1], type =    f16, converting to q5_0 .. size =     0.56 MiB ->     0.19 MiB
[ 251/ 340] blk.19.attn_k_norm.weight            - [   256,      1,      1,      1], type =    f32, size =    0.001 MiB
[ 252/ 340] blk.19.attn_norm.weight              - [  1152,      1,      1,      1], type =    f32, size =    0.004 MiB
[ 253/ 340] blk.19.attn_output.weight            - [  1024,   1152,      1,      1], type =    f16, converting to q4_K .. size =     2.25 MiB ->     0.63 MiB
[ 254/ 340] blk.19.attn_q.weight                 - [  1152,   1024,      1,      1], type =    f16, converting to q5_0 .. size =     2.25 MiB ->     0.77 MiB
[ 255/ 340] blk.19.attn_q_norm.weight            - [   256,      1,      1,      1], type =    f32, size =    0.001 MiB
[ 256/ 340] blk.19.attn_v.weight                 - [  1152,    256,      1,      1], type =    f16, converting to q5_0 .. size =     0.56 MiB ->     0.19 MiB
[ 257/ 340] blk.19.ffn_down.weight               - [  6912,   1152,      1,      1], type =    f16, converting to q4_K .. size =    15.19 MiB ->     4.27 MiB
[ 258/ 340] blk.19.ffn_gate.weight               - [  1152,   6912,      1,      1], type =    f16, converting to q5_0 .. size =    15.19 MiB ->     5.22 MiB
[ 259/ 340] blk.19.ffn_norm.weight               - [  1152,      1,      1,      1], type =    f32, size =    0.004 MiB
[ 260/ 340] blk.19.ffn_up.weight                 - [  1152,   6912,      1,      1], type =    f16, converting to q5_0 .. size =    15.19 MiB ->     5.22 MiB
[ 261/ 340] blk.19.post_attention_norm.weight    - [  1152,      1,      1,      1], type =    f32, size =    0.004 MiB
[ 262/ 340] blk.19.post_ffw_norm.weight          - [  1152,      1,      1,      1], type =    f32, size =    0.004 MiB
[ 263/ 340] blk.20.attn_k.weight                 - [  1152,    256,      1,      1], type =    f16, converting to q5_0 .. size =     0.56 MiB ->     0.19 MiB
[ 264/ 340] blk.20.attn_k_norm.weight            - [   256,      1,      1,      1], type =    f32, size =    0.001 MiB
[ 265/ 340] blk.20.attn_norm.weight              - [  1152,      1,      1,      1], type =    f32, size =    0.004 MiB
[ 266/ 340] blk.20.attn_output.weight            - [  1024,   1152,      1,      1], type =    f16, converting to q4_K .. size =     2.25 MiB ->     0.63 MiB
[ 267/ 340] blk.20.attn_q.weight                 - [  1152,   1024,      1,      1], type =    f16, converting to q5_0 .. size =     2.25 MiB ->     0.77 MiB
[ 268/ 340] blk.20.attn_q_norm.weight            - [   256,      1,      1,      1], type =    f32, size =    0.001 MiB
[ 269/ 340] blk.20.attn_v.weight                 - [  1152,    256,      1,      1], type =    f16, converting to q8_0 .. size =     0.56 MiB ->     0.30 MiB
[ 270/ 340] blk.20.ffn_down.weight               - [  6912,   1152,      1,      1], type =    f16, converting to q6_K .. size =    15.19 MiB ->     6.23 MiB
[ 271/ 340] blk.20.ffn_gate.weight               - [  1152,   6912,      1,      1], type =    f16, converting to q5_0 .. size =    15.19 MiB ->     5.22 MiB
[ 272/ 340] blk.20.ffn_norm.weight               - [  1152,      1,      1,      1], type =    f32, size =    0.004 MiB
[ 273/ 340] blk.20.ffn_up.weight                 - [  1152,   6912,      1,      1], type =    f16, converting to q5_0 .. size =    15.19 MiB ->     5.22 MiB
[ 274/ 340] blk.20.post_attention_norm.weight    - [  1152,      1,      1,      1], type =    f32, size =    0.004 MiB
[ 275/ 340] blk.20.post_ffw_norm.weight          - [  1152,      1,      1,      1], type =    f32, size =    0.004 MiB
[ 276/ 340] blk.21.attn_k.weight                 - [  1152,    256,      1,      1], type =    f16, converting to q5_0 .. size =     0.56 MiB ->     0.19 MiB
[ 277/ 340] blk.21.attn_k_norm.weight            - [   256,      1,      1,      1], type =    f32, size =    0.001 MiB
[ 278/ 340] blk.21.attn_norm.weight              - [  1152,      1,      1,      1], type =    f32, size =    0.004 MiB
[ 279/ 340] blk.21.attn_output.weight            - [  1024,   1152,      1,      1], type =    f16, converting to q4_K .. size =     2.25 MiB ->     0.63 MiB
[ 280/ 340] blk.21.attn_q.weight                 - [  1152,   1024,      1,      1], type =    f16, converting to q5_0 .. size =     2.25 MiB ->     0.77 MiB
[ 281/ 340] blk.21.attn_q_norm.weight            - [   256,      1,      1,      1], type =    f32, size =    0.001 MiB
[ 282/ 340] blk.21.attn_v.weight                 - [  1152,    256,      1,      1], type =    f16, converting to q5_0 .. size =     0.56 MiB ->     0.19 MiB
[ 283/ 340] blk.21.ffn_down.weight               - [  6912,   1152,      1,      1], type =    f16, converting to q4_K .. size =    15.19 MiB ->     4.27 MiB
[ 284/ 340] blk.21.ffn_gate.weight               - [  1152,   6912,      1,      1], type =    f16, converting to q5_0 .. size =    15.19 MiB ->     5.22 MiB
[ 285/ 340] blk.21.ffn_norm.weight               - [  1152,      1,      1,      1], type =    f32, size =    0.004 MiB
[ 286/ 340] blk.21.ffn_up.weight                 - [  1152,   6912,      1,      1], type =    f16, converting to q5_0 .. size =    15.19 MiB ->     5.22 MiB
[ 287/ 340] blk.21.post_attention_norm.weight    - [  1152,      1,      1,      1], type =    f32, size =    0.004 MiB
[ 288/ 340] blk.21.post_ffw_norm.weight          - [  1152,      1,      1,      1], type =    f32, size =    0.004 MiB
[ 289/ 340] blk.22.attn_k.weight                 - [  1152,    256,      1,      1], type =    f16, converting to q5_0 .. size =     0.56 MiB ->     0.19 MiB
[ 290/ 340] blk.22.attn_k_norm.weight            - [   256,      1,      1,      1], type =    f32, size =    0.001 MiB
[ 291/ 340] blk.22.attn_norm.weight              - [  1152,      1,      1,      1], type =    f32, size =    0.004 MiB
[ 292/ 340] blk.22.attn_output.weight            - [  1024,   1152,      1,      1], type =    f16, converting to q4_K .. size =     2.25 MiB ->     0.63 MiB
[ 293/ 340] blk.22.attn_q.weight                 - [  1152,   1024,      1,      1], type =    f16, converting to q5_0 .. size =     2.25 MiB ->     0.77 MiB
[ 294/ 340] blk.22.attn_q_norm.weight            - [   256,      1,      1,      1], type =    f32, size =    0.001 MiB
[ 295/ 340] blk.22.attn_v.weight                 - [  1152,    256,      1,      1], type =    f16, converting to q8_0 .. size =     0.56 MiB ->     0.30 MiB
[ 296/ 340] blk.22.ffn_down.weight               - [  6912,   1152,      1,      1], type =    f16, converting to q6_K .. size =    15.19 MiB ->     6.23 MiB
[ 297/ 340] blk.22.ffn_gate.weight               - [  1152,   6912,      1,      1], type =    f16, converting to q5_0 .. size =    15.19 MiB ->     5.22 MiB
[ 298/ 340] blk.22.ffn_norm.weight               - [  1152,      1,      1,      1], type =    f32, size =    0.004 MiB
[ 299/ 340] blk.22.ffn_up.weight                 - [  1152,   6912,      1,      1], type =    f16, converting to q5_0 .. size =    15.19 MiB ->     5.22 MiB
[ 300/ 340] blk.22.post_attention_norm.weight    - [  1152,      1,      1,      1], type =    f32, size =    0.004 MiB
[ 301/ 340] blk.22.post_ffw_norm.weight          - [  1152,      1,      1,      1], type =    f32, size =    0.004 MiB
[ 302/ 340] blk.23.attn_k.weight                 - [  1152,    256,      1,      1], type =    f16, converting to q5_0 .. size =     0.56 MiB ->     0.19 MiB
[ 303/ 340] blk.23.attn_k_norm.weight            - [   256,      1,      1,      1], type =    f32, size =    0.001 MiB
[ 304/ 340] blk.23.attn_norm.weight              - [  1152,      1,      1,      1], type =    f32, size =    0.004 MiB
[ 305/ 340] blk.23.attn_output.weight            - [  1024,   1152,      1,      1], type =    f16, converting to q4_K .. size =     2.25 MiB ->     0.63 MiB
[ 306/ 340] blk.23.attn_q.weight                 - [  1152,   1024,      1,      1], type =    f16, converting to q5_0 .. size =     2.25 MiB ->     0.77 MiB
[ 307/ 340] blk.23.attn_q_norm.weight            - [   256,      1,      1,      1], type =    f32, size =    0.001 MiB
[ 308/ 340] blk.23.attn_v.weight                 - [  1152,    256,      1,      1], type =    f16, converting to q8_0 .. size =     0.56 MiB ->     0.30 MiB
[ 309/ 340] blk.23.ffn_down.weight               - [  6912,   1152,      1,      1], type =    f16, converting to q6_K .. size =    15.19 MiB ->     6.23 MiB
[ 310/ 340] blk.23.ffn_gate.weight               - [  1152,   6912,      1,      1], type =    f16, converting to q5_0 .. size =    15.19 MiB ->     5.22 MiB
[ 311/ 340] blk.23.ffn_norm.weight               - [  1152,      1,      1,      1], type =    f32, size =    0.004 MiB
[ 312/ 340] blk.23.ffn_up.weight                 - [  1152,   6912,      1,      1], type =    f16, converting to q5_0 .. size =    15.19 MiB ->     5.22 MiB
[ 313/ 340] blk.23.post_attention_norm.weight    - [  1152,      1,      1,      1], type =    f32, size =    0.004 MiB
[ 314/ 340] blk.23.post_ffw_norm.weight          - [  1152,      1,      1,      1], type =    f32, size =    0.004 MiB
[ 315/ 340] blk.24.attn_k.weight                 - [  1152,    256,      1,      1], type =    f16, converting to q5_0 .. size =     0.56 MiB ->     0.19 MiB
[ 316/ 340] blk.24.attn_k_norm.weight            - [   256,      1,      1,      1], type =    f32, size =    0.001 MiB
[ 317/ 340] blk.24.attn_norm.weight              - [  1152,      1,      1,      1], type =    f32, size =    0.004 MiB
[ 318/ 340] blk.24.attn_output.weight            - [  1024,   1152,      1,      1], type =    f16, converting to q4_K .. size =     2.25 MiB ->     0.63 MiB
[ 319/ 340] blk.24.attn_q.weight                 - [  1152,   1024,      1,      1], type =    f16, converting to q5_0 .. size =     2.25 MiB ->     0.77 MiB
[ 320/ 340] blk.24.attn_q_norm.weight            - [   256,      1,      1,      1], type =    f32, size =    0.001 MiB
[ 321/ 340] blk.24.attn_v.weight                 - [  1152,    256,      1,      1], type =    f16, converting to q8_0 .. size =     0.56 MiB ->     0.30 MiB
[ 322/ 340] blk.24.ffn_down.weight               - [  6912,   1152,      1,      1], type =    f16, converting to q6_K .. size =    15.19 MiB ->     6.23 MiB
[ 323/ 340] blk.24.ffn_gate.weight               - [  1152,   6912,      1,      1], type =    f16, converting to q5_0 .. size =    15.19 MiB ->     5.22 MiB
[ 324/ 340] blk.24.ffn_norm.weight               - [  1152,      1,      1,      1], type =    f32, size =    0.004 MiB
[ 325/ 340] blk.24.ffn_up.weight                 - [  1152,   6912,      1,      1], type =    f16, converting to q5_0 .. size =    15.19 MiB ->     5.22 MiB
[ 326/ 340] blk.24.post_attention_norm.weight    - [  1152,      1,      1,      1], type =    f32, size =    0.004 MiB
[ 327/ 340] blk.24.post_ffw_norm.weight          - [  1152,      1,      1,      1], type =    f32, size =    0.004 MiB
[ 328/ 340] blk.25.attn_k.weight                 - [  1152,    256,      1,      1], type =    f16, converting to q5_0 .. size =     0.56 MiB ->     0.19 MiB
[ 329/ 340] blk.25.attn_k_norm.weight            - [   256,      1,      1,      1], type =    f32, size =    0.001 MiB
[ 330/ 340] blk.25.attn_norm.weight              - [  1152,      1,      1,      1], type =    f32, size =    0.004 MiB
[ 331/ 340] blk.25.attn_output.weight            - [  1024,   1152,      1,      1], type =    f16, converting to q4_K .. size =     2.25 MiB ->     0.63 MiB
[ 332/ 340] blk.25.attn_q.weight                 - [  1152,   1024,      1,      1], type =    f16, converting to q5_0 .. size =     2.25 MiB ->     0.77 MiB
[ 333/ 340] blk.25.attn_q_norm.weight            - [   256,      1,      1,      1], type =    f32, size =    0.001 MiB
[ 334/ 340] blk.25.attn_v.weight                 - [  1152,    256,      1,      1], type =    f16, converting to q8_0 .. size =     0.56 MiB ->     0.30 MiB
[ 335/ 340] blk.25.ffn_down.weight               - [  6912,   1152,      1,      1], type =    f16, converting to q6_K .. size =    15.19 MiB ->     6.23 MiB
[ 336/ 340] blk.25.ffn_gate.weight               - [  1152,   6912,      1,      1], type =    f16, converting to q5_0 .. size =    15.19 MiB ->     5.22 MiB
[ 337/ 340] blk.25.ffn_norm.weight               - [  1152,      1,      1,      1], type =    f32, size =    0.004 MiB
[ 338/ 340] blk.25.ffn_up.weight                 - [  1152,   6912,      1,      1], type =    f16, converting to q5_0 .. size =    15.19 MiB ->     5.22 MiB
[ 339/ 340] blk.25.post_attention_norm.weight    - [  1152,      1,      1,      1], type =    f32, size =    0.004 MiB
[ 340/ 340] blk.25.post_ffw_norm.weight          - [  1152,      1,      1,      1], type =    f32, size =    0.004 MiB
llama_model_quantize_impl: model size  =  1907.39 MiB (16.00 BPW)
llama_model_quantize_impl: quant size  =   762.49 MiB (6.40 BPW)
llama_model_quantize_impl: WARNING: 130 of 340 tensor(s) required fallback quantization

llama_quantize: quantize time =  3617.41 ms
llama_quantize:    total time =  3617.41 ms
[export] /mnt/nvme2/workspace/projects/parent-assistant/tools/train-intent/checkpoints/gemma-merged exists — skipping merge
[export] drop tokenizer_config multimodal key 'model_specific_special_tokens'
[export] drop tokenizer_config multimodal key 'image_token'
[export] drop tokenizer_config multimodal key 'eoi_token'
[export] drop tokenizer_config multimodal key 'boi_token'
[export] convert /mnt/nvme2/workspace/projects/parent-assistant/tools/train-intent/checkpoints/gemma-merged → f16 GGUF
[export] quantize → Q4_K_M
exported: /mnt/nvme2/workspace/projects/parent-assistant/tools/train-intent/models/intent-ne-gemma-q4_k_m.gguf (814261088 bytes)
sha256:   78d6392f95ceb3235994adb754a944c2b11061b897a7cc1fcaf88d0fe794df78
llama.cpp SHA: 9e0e220594af405a62835dc3a27495729fd8506b (/home/anjan/llama.cpp)
next: .venv/bin/python src/eval_golden.py --backend gguf --model-path /mnt/nvme2/workspace/projects/parent-assistant/tools/train-intent/models/intent-ne-gemma-q4_k_m.gguf --label gemma
